RT(milliseconds),RT(minutes) - NOT USED BY IMPORT,RI,TIC
0,0.0,0.0,29.0
1838,0.030633333333333332,0.0,0.0
3676,0.061266666666666664,0.0,0.0
5514,0.0919,0.0,0.0
7352,0.12253333333333333,0.0,0.0
9190,0.15316666666666667,0.0,0.0
11028,0.1838,0.0,0.0
12866,0.21443333333333334,0.0,0.0
14704,0.24506666666666665,0.0,0.0
16542,0.2757,0.0,0.0
18380,0.30633333333333335,0.0,0.0
20218,0.3369666666666667,0.0,0.0
22056,0.3676,0.0,0.0
23894,0.39823333333333333,0.0,0.0
25732,0.4288666666666667,0.0,0.0
27570,0.4595,0.0,0.0
29408,0.4901333333333333,0.0,0.0
31246,0.5207666666666667,0.0,0.0
33084,0.5514,0.0,0.0
34922,0.5820333333333333,0.0,0.0
36760,0.6126666666666667,0.0,0.0
38598,0.6433,0.0,0.0
40436,0.6739333333333334,0.0,0.0
42274,0.7045666666666667,0.0,0.0
44112,0.7352,0.0,2.0
45950,0.7658333333333334,0.0,0.0
47788,0.7964666666666667,0.0,0.0
49626,0.8271,0.0,0.0
51464,0.8577333333333333,0.0,0.0
53302,0.8883666666666666,0.0,0.0
55140,0.919,0.0,0.0
56978,0.9496333333333333,0.0,3.0
58816,0.9802666666666666,0.0,8.0
60654,1.0109,0.0,13.0
62492,1.0415333333333334,0.0,15.0
64330,1.0721666666666667,0.0,0.0
66168,1.1028,0.0,0.0
68006,1.1334333333333333,0.0,0.0
69844,1.1640666666666666,0.0,0.0
71682,1.1947,0.0,0.0
73520,1.2253333333333334,0.0,0.0
75358,1.2559666666666667,0.0,20.0
77196,1.2866,0.0,16.0
79034,1.3172333333333333,0.0,20.0
80872,1.3478666666666668,0.0,5.0
82710,1.3785,0.0,0.0
84548,1.4091333333333333,0.0,0.0
86386,1.4397666666666666,0.0,0.0
88224,1.4704,0.0,0.0
90062,1.5010333333333334,0.0,0.0
91900,1.5316666666666667,0.0,0.0
93738,1.5623,0.0,0.0
95576,1.5929333333333333,0.0,0.0
97414,1.6235666666666666,0.0,5.0
99252,1.6542,0.0,15.0
101090,1.6848333333333334,0.0,5.0
102928,1.7154666666666667,0.0,3.0
104766,1.7461,0.0,0.0
106604,1.7767333333333333,0.0,7.0
108442,1.8073666666666666,0.0,5.0
110280,1.838,0.0,7.0
112118,1.8686333333333334,0.0,10.0
113956,1.8992666666666667,0.0,0.0
115794,1.9299,0.0,0.0
117632,1.9605333333333332,0.0,0.0
119470,1.9911666666666668,0.0,0.0
121308,2.0218,0.0,0.0
123146,2.0524333333333336,0.0,0.0
124984,2.083066666666667,0.0,0.0
126822,2.1137,0.0,11.0
128660,2.1443333333333334,0.0,16.0
130498,2.1749666666666667,0.0,25.0
132336,2.2056,0.0,23.0
134174,2.2362333333333333,0.0,20.0
136012,2.2668666666666666,0.0,23.0
137850,2.2975,0.0,14.0
139688,2.328133333333333,0.0,23.0
141526,2.3587666666666665,0.0,28.0
143364,2.3894,0.0,26.0
145202,2.4200333333333335,0.0,39.0
147040,2.4506666666666668,0.0,32.0
148878,2.4813,0.0,23.0
150716,2.5119333333333334,0.0,31.0
152554,2.5425666666666666,0.0,33.0
154392,2.5732,0.0,34.0
156230,2.603833333333333,0.0,34.0
158068,2.6344666666666665,0.0,26.0
159906,2.6651,0.0,17.0
161744,2.6957333333333335,0.0,27.0
163582,2.726366666666667,0.0,34.0
165420,2.757,0.0,38.0
167258,2.7876333333333334,0.0,47.0
169096,2.8182666666666667,0.0,38.0
170934,2.8489,0.0,36.0
172772,2.8795333333333333,0.0,43.0
174610,2.9101666666666666,0.0,52.0
176448,2.9408,0.0,50.0
178286,2.971433333333333,0.0,60.0
180124,3.002066666666667,0.0,56.0
181962,3.0327,0.0,34.0
183800,3.0633333333333335,0.0,31.0
185638,3.0939666666666668,0.0,29.0
187476,3.1246,0.0,23.0
189314,3.1552333333333333,0.0,37.0
191152,3.1858666666666666,0.0,50.0
192990,3.2165,0.0,49.0
194828,3.247133333333333,0.0,56.0
196666,3.2777666666666665,0.0,61.0
198504,3.3084,0.0,75.0
200342,3.3390333333333335,0.0,82.0
202180,3.369666666666667,0.0,67.0
204018,3.4003,0.0,64.0
205856,3.4309333333333334,0.0,46.0
207694,3.4615666666666667,0.0,41.0
209532,3.4922,0.0,59.0
211370,3.5228333333333333,0.0,73.0
213208,3.5534666666666666,0.0,74.0
215046,3.5841,0.0,89.0
216884,3.614733333333333,0.0,101.0
218722,3.645366666666667,0.0,93.0
220560,3.676,0.0,97.0
222398,3.7066333333333334,0.0,94.0
224236,3.7372666666666667,0.0,78.0
226074,3.7679,0.0,77.0
227912,3.7985333333333333,0.0,83.0
229750,3.8291666666666666,0.0,87.0
231588,3.8598,0.0,84.0
233426,3.890433333333333,0.0,74.0
235264,3.9210666666666665,0.0,79.0
237102,3.9517,0.0,72.0
238940,3.9823333333333335,0.0,75.0
240778,4.012966666666666,0.0,73.0
242616,4.0436,0.0,52.0
244454,4.074233333333333,0.0,53.0
246292,4.104866666666667,0.0,56.0
248130,4.1355,0.0,58.0
249968,4.166133333333334,0.0,61.0
251806,4.196766666666667,0.0,61.0
253644,4.2274,0.0,54.0
255482,4.258033333333334,0.0,69.0
257320,4.288666666666667,0.0,78.0
259158,4.3193,0.0,63.0
260996,4.349933333333333,0.0,73.0
262834,4.380566666666667,0.0,55.0
264672,4.4112,0.0,64.0
266510,4.441833333333333,0.0,81.0
268348,4.472466666666667,0.0,84.0
270186,4.5031,0.0,98.0
272024,4.533733333333333,0.0,102.0
273862,4.5643666666666665,0.0,98.0
275700,4.595,0.0,94.0
277538,4.625633333333333,0.0,108.0
279376,4.656266666666666,0.0,97.0
281214,4.6869,0.0,93.0
283052,4.717533333333333,0.0,85.0
284890,4.748166666666667,0.0,82.0
286728,4.7788,0.0,96.0
288566,4.809433333333334,0.0,111.0
290404,4.840066666666667,0.0,125.0
292242,4.8707,0.0,117.0
294080,4.9013333333333335,0.0,105.0
295918,4.931966666666667,0.0,106.0
297756,4.9626,0.0,111.0
299594,4.993233333333333,0.0,109.0
301432,5.023866666666667,0.0,118.0
303270,5.0545,0.0,109.0
305108,5.085133333333333,0.0,110.0
306946,5.115766666666667,0.0,120.0
308784,5.1464,0.0,131.0
310622,5.177033333333333,0.0,149.0
312460,5.207666666666666,0.0,157.0
314298,5.2383,0.0,151.0
316136,5.268933333333333,0.0,146.0
317974,5.299566666666666,0.0,142.0
319812,5.3302,0.0,124.0
321650,5.360833333333333,0.0,121.0
323488,5.391466666666667,0.0,116.0
325326,5.4221,0.0,107.0
327164,5.452733333333334,0.0,115.0
329002,5.483366666666667,0.0,115.0
330840,5.514,0.0,107.0
332678,5.5446333333333335,0.0,111.0
334516,5.575266666666667,0.0,119.0
336354,5.6059,0.0,122.0
338192,5.636533333333333,0.0,130.0
340030,5.667166666666667,0.0,129.0
341868,5.6978,0.0,124.0
343706,5.728433333333333,0.0,101.0
345544,5.759066666666667,0.0,89.0
347382,5.7897,0.0,81.0
349220,5.820333333333333,0.0,96.0
351058,5.850966666666666,0.0,128.0
352896,5.8816,0.0,141.0
354734,5.912233333333333,0.0,155.0
356572,5.942866666666666,0.0,145.0
358410,5.9735,0.0,144.0
360248,6.004133333333334,0.0,141.0
362086,6.034766666666667,0.0,140.0
363924,6.0654,0.0,136.0
365762,6.096033333333334,0.0,134.0
367600,6.126666666666667,0.0,139.0
369438,6.1573,0.0,139.0
371276,6.1879333333333335,0.0,148.0
373114,6.218566666666667,0.0,151.0
374952,6.2492,0.0,154.0
376790,6.279833333333333,0.0,164.0
378628,6.310466666666667,0.0,162.0
380466,6.3411,0.0,146.0
382304,6.371733333333333,0.0,134.0
384142,6.4023666666666665,0.0,123.0
385980,6.433,0.0,117.0
387818,6.463633333333333,0.0,134.0
389656,6.494266666666666,0.0,159.0
391494,6.5249,0.0,155.0
393332,6.555533333333333,0.0,148.0
395170,6.586166666666666,0.0,144.0
397008,6.6168,0.0,126.0
398846,6.647433333333334,0.0,140.0
400684,6.678066666666667,0.0,161.0
402522,6.7087,0.0,176.0
404360,6.739333333333334,0.0,179.0
406198,6.769966666666667,0.0,158.0
408036,6.8006,0.0,152.0
409874,6.8312333333333335,0.0,153.0
411712,6.861866666666667,0.0,161.0
413550,6.8925,0.0,176.0
415388,6.923133333333333,0.0,177.0
417226,6.953766666666667,0.0,168.0
419064,6.9844,0.0,177.0
420902,7.015033333333333,0.0,192.0
422740,7.0456666666666665,0.0,181.0
424578,7.0763,0.0,173.0
426416,7.106933333333333,0.0,160.0
428254,7.137566666666666,0.0,140.0
430092,7.1682,0.0,139.0
431930,7.198833333333333,0.0,150.0
433768,7.229466666666666,0.0,155.0
435606,7.2601,0.0,172.0
437444,7.290733333333334,0.0,189.0
439282,7.321366666666667,0.0,182.0
441120,7.352,0.0,190.0
442958,7.382633333333334,0.0,194.0
444796,7.413266666666667,0.0,201.0
446634,7.4439,0.0,216.0
448472,7.4745333333333335,0.0,211.0
450310,7.505166666666667,0.0,199.0
452148,7.5358,0.0,182.0
453986,7.566433333333333,0.0,167.0
455824,7.597066666666667,0.0,166.0
457662,7.6277,0.0,186.0
459500,7.658333333333333,0.0,201.0
461338,7.6889666666666665,0.0,214.0
463176,7.7196,0.0,227.0
465014,7.750233333333333,0.0,218.0
466852,7.780866666666666,0.0,214.0
468690,7.8115,0.0,206.0
470528,7.842133333333333,0.0,190.0
472366,7.872766666666666,0.0,178.0
474204,7.9034,0.0,173.0
476042,7.934033333333334,0.0,174.0
477880,7.964666666666667,0.0,178.0
479718,7.9953,0.0,181.0
481556,8.025933333333333,0.0,184.0
483394,8.056566666666667,0.0,195.0
485232,8.0872,0.0,203.0
487070,8.117833333333333,0.0,212.0
488908,8.148466666666666,0.0,210.0
490746,8.1791,0.0,195.0
492584,8.209733333333334,0.0,175.0
494422,8.240366666666667,0.0,174.0
496260,8.271,0.0,179.0
498098,8.301633333333333,0.0,199.0
499936,8.332266666666667,0.0,227.0
501774,8.3629,0.0,233.0
503612,8.393533333333334,0.0,223.0
505450,8.424166666666666,0.0,214.0
507288,8.4548,0.0,194.0
509126,8.485433333333333,0.0,183.0
510964,8.516066666666667,0.0,173.0
512802,8.5467,0.0,177.0
514640,8.577333333333334,0.0,201.0
516478,8.607966666666666,0.0,224.0
518316,8.6386,0.0,242.0
520154,8.669233333333333,0.0,249.0
521992,8.699866666666667,0.0,246.0
523830,8.7305,0.0,231.0
525668,8.761133333333333,0.0,235.0
527506,8.791766666666666,0.0,235.0
529344,8.8224,0.0,230.0
531182,8.853033333333334,0.0,234.0
533020,8.883666666666667,0.0,231.0
534858,8.9143,0.0,229.0
536696,8.944933333333333,0.0,225.0
538534,8.975566666666667,0.0,227.0
540372,9.0062,0.0,230.0
542210,9.036833333333334,0.0,227.0
544048,9.067466666666666,0.0,217.0
545886,9.0981,0.0,220.0
547724,9.128733333333333,0.0,223.0
549562,9.159366666666667,0.0,218.0
551400,9.19,0.0,237.0
553238,9.220633333333334,0.0,235.0
555076,9.251266666666666,0.0,225.0
556914,9.2819,0.0,229.0
558752,9.312533333333333,0.0,236.0
560590,9.343166666666667,0.0,247.0
562428,9.3738,0.0,259.0
564266,9.404433333333333,0.0,254.0
566104,9.435066666666666,0.0,238.0
567942,9.4657,0.0,220.0
569780,9.496333333333334,0.0,220.0
571618,9.526966666666667,0.0,248.0
573456,9.5576,0.0,268.0
575294,9.588233333333333,0.0,291.0
577132,9.618866666666667,0.0,293.0
578970,9.6495,0.0,271.0
580808,9.680133333333334,0.0,257.0
582646,9.710766666666666,0.0,246.0
584484,9.7414,0.0,243.0
586322,9.772033333333333,0.0,239.0
588160,9.802666666666667,0.0,226.0
589998,9.8333,0.0,218.0
591836,9.863933333333334,0.0,220.0
593674,9.894566666666666,0.0,234.0
595512,9.9252,0.0,244.0
597350,9.955833333333333,0.0,256.0
599188,9.986466666666667,0.0,252.0
601026,10.0171,0.0,254.0
602864,10.047733333333333,0.0,266.0
604702,10.078366666666666,0.0,273.0
606540,10.109,0.0,275.0
608378,10.139633333333334,0.0,278.0
610216,10.170266666666667,0.0,268.0
612054,10.2009,0.0,275.0
613892,10.231533333333333,0.0,289.0
615730,10.262166666666667,0.0,282.0
617568,10.2928,0.0,290.0
619406,10.323433333333334,0.0,265.0
621244,10.354066666666666,0.0,261.0
623082,10.3847,0.0,279.0
624920,10.415333333333333,0.0,271.0
626758,10.445966666666667,0.0,288.0
628596,10.4766,0.0,284.0
630434,10.507233333333334,0.0,274.0
632272,10.537866666666666,0.0,280.0
634110,10.5685,0.0,275.0
635948,10.599133333333333,0.0,278.0
637786,10.629766666666667,0.0,269.0
639624,10.6604,0.0,261.0
641462,10.691033333333333,0.0,263.0
643300,10.721666666666666,0.0,252.0
645138,10.7523,0.0,239.0
646976,10.782933333333334,0.0,240.0
648814,10.813566666666667,0.0,251.0
650652,10.8442,0.0,277.0
652490,10.874833333333333,0.0,303.0
654328,10.905466666666667,0.0,316.0
656166,10.9361,0.0,308.0
658004,10.966733333333334,0.0,288.0
659842,10.997366666666666,0.0,281.0
661680,11.028,0.0,264.0
663518,11.058633333333333,0.0,251.0
665356,11.089266666666667,0.0,264.0
667194,11.1199,0.0,262.0
669032,11.150533333333334,0.0,285.0
670870,11.181166666666666,0.0,315.0
672708,11.2118,0.0,302.0
674546,11.242433333333333,0.0,291.0
676384,11.273066666666667,0.0,286.0
678222,11.3037,0.0,256.0
680060,11.334333333333333,0.0,255.0
681898,11.364966666666668,0.0,274.0
683736,11.3956,0.0,266.0
685574,11.426233333333334,0.0,278.0
687412,11.456866666666667,0.0,302.0
689250,11.4875,0.0,304.0
691088,11.518133333333333,0.0,312.0
692926,11.548766666666667,0.0,315.0
694764,11.5794,0.0,303.0
696602,11.610033333333334,0.0,295.0
698440,11.640666666666666,0.0,296.0
700278,11.6713,0.0,284.0
702116,11.701933333333333,0.0,282.0
703954,11.732566666666667,0.0,280.0
705792,11.7632,0.0,283.0
707630,11.793833333333334,0.0,303.0
709468,11.824466666666666,0.0,336.0
711306,11.8551,0.0,357.0
713144,11.885733333333333,0.0,362.0
714982,11.916366666666667,0.0,354.0
716820,11.947,0.0,317.0
718658,11.977633333333333,0.0,298.0
720496,12.008266666666668,0.0,299.0
722334,12.0389,0.0,317.0
724172,12.069533333333334,0.0,333.0
726010,12.100166666666667,0.0,344.0
727848,12.1308,0.0,358.0
729686,12.161433333333333,0.0,350.0
731524,12.192066666666667,0.0,344.0
733362,12.2227,0.0,354.0
735200,12.253333333333334,0.0,338.0
737038,12.283966666666666,0.0,330.0
738876,12.3146,0.0,332.0
740714,12.345233333333333,0.0,322.0
742552,12.375866666666667,0.0,319.0
744390,12.4065,0.0,322.0
746228,12.437133333333334,0.0,329.0
748066,12.467766666666666,0.0,333.0
749904,12.4984,0.0,332.0
751742,12.529033333333333,0.0,349.0
753580,12.559666666666667,0.0,336.0
755418,12.5903,0.0,332.0
757256,12.620933333333333,0.0,345.0
759094,12.651566666666668,0.0,321.0
760932,12.6822,0.0,322.0
762770,12.712833333333334,0.0,308.0
764608,12.743466666666666,0.0,291.0
766446,12.7741,0.0,301.0
768284,12.804733333333333,0.0,310.0
770122,12.835366666666667,0.0,328.0
771960,12.866,0.0,340.0
773798,12.896633333333334,0.0,353.0
775636,12.927266666666666,0.0,343.0
777474,12.9579,0.0,328.0
779312,12.988533333333333,0.0,316.0
781150,13.019166666666667,0.0,320.0
782988,13.0498,0.0,338.0
784826,13.080433333333334,0.0,342.0
786664,13.111066666666666,0.0,367.0
788502,13.1417,0.0,361.0
790340,13.172333333333333,0.0,371.0
792178,13.202966666666667,0.0,397.0
794016,13.2336,0.0,400.0
795854,13.264233333333333,0.0,402.0
797692,13.294866666666667,0.0,386.0
799530,13.3255,0.0,379.0
801368,13.356133333333334,0.0,376.0
803206,13.386766666666666,0.0,387.0
805044,13.4174,0.0,386.0
806882,13.448033333333333,0.0,389.0
808720,13.478666666666667,0.0,388.0
810558,13.5093,0.0,383.0
812396,13.539933333333334,0.0,393.0
814234,13.570566666666666,0.0,386.0
816072,13.6012,0.0,370.0
817910,13.631833333333333,0.0,370.0
819748,13.662466666666667,0.0,379.0
821586,13.6931,0.0,391.0
823424,13.723733333333334,0.0,401.0
825262,13.754366666666666,0.0,405.0
827100,13.785,0.0,386.0
828938,13.815633333333333,0.0,379.0
830776,13.846266666666667,0.0,379.0
832614,13.8769,0.0,352.0
834452,13.907533333333333,0.0,343.0
836290,13.938166666666667,0.0,337.0
838128,13.9688,0.0,332.0
839966,13.999433333333334,0.0,357.0
841804,14.030066666666666,0.0,376.0
843642,14.0607,0.0,392.0
845480,14.091333333333333,0.0,418.0
847318,14.121966666666667,0.0,412.0
849156,14.1526,0.0,401.0
850994,14.183233333333334,0.0,398.0
852832,14.213866666666666,0.0,366.0
854670,14.2445,0.0,341.0
856508,14.275133333333333,0.0,336.0
858346,14.305766666666667,0.0,329.0
860184,14.3364,0.0,341.0
862022,14.367033333333334,0.0,363.0
863860,14.397666666666666,0.0,376.0
865698,14.4283,0.0,380.0
867536,14.458933333333333,0.0,388.0
869374,14.489566666666667,0.0,389.0
871212,14.5202,0.0,390.0
873050,14.550833333333333,0.0,392.0
874888,14.581466666666667,0.0,388.0
876726,14.6121,0.0,387.0
878564,14.642733333333334,0.0,390.0
880402,14.673366666666666,0.0,398.0
882240,14.704,0.0,411.0
884078,14.734633333333333,0.0,423.0
885916,14.765266666666667,0.0,416.0
887754,14.7959,0.0,397.0
889592,14.826533333333334,0.0,382.0
891430,14.857166666666666,0.0,363.0
893268,14.8878,0.0,357.0
895106,14.918433333333333,0.0,359.0
896944,14.949066666666667,0.0,362.0
898782,14.9797,0.0,377.0
900620,15.010333333333334,0.0,393.0
902458,15.040966666666666,0.0,402.0
904296,15.0716,0.0,402.0
906134,15.102233333333333,0.0,388.0
907972,15.132866666666667,0.0,382.0
909810,15.1635,0.0,370.0
911648,15.194133333333333,0.0,359.0
913486,15.224766666666667,0.0,371.0
915324,15.2554,0.0,381.0
917162,15.286033333333334,0.0,411.0
919000,15.316666666666666,0.0,434.0
920838,15.3473,0.0,430.0
922676,15.377933333333333,0.0,431.0
924514,15.408566666666667,0.0,410.0
926352,15.4392,0.0,397.0
928190,15.469833333333334,0.0,397.0
930028,15.500466666666666,0.0,387.0
931866,15.5311,0.0,386.0
933704,15.561733333333333,0.0,380.0
935542,15.592366666666667,0.0,401.0
937380,15.623,0.0,429.0
939218,15.653633333333334,0.0,446.0
941056,15.684266666666666,0.0,462.0
942894,15.7149,0.0,451.0
944732,15.745533333333332,0.0,438.0
946570,15.776166666666667,0.0,446.0
948408,15.8068,0.0,442.0
950246,15.837433333333333,0.0,439.0
952084,15.868066666666667,0.0,428.0
953922,15.8987,0.0,416.0
955760,15.929333333333334,0.0,427.0
957598,15.959966666666666,0.0,438.0
959436,15.9906,0.0,457.0
961274,16.021233333333335,0.0,461.0
963112,16.051866666666665,0.0,462.0
964950,16.0825,0.0,462.0
966788,16.113133333333334,0.0,436.0
968626,16.143766666666668,0.0,424.0
970464,16.1744,0.0,407.0
972302,16.205033333333333,0.0,394.0
974140,16.235666666666667,0.0,410.0
975978,16.2663,0.0,433.0
977816,16.29693333333333,0.0,435.0
979654,16.327566666666666,0.0,437.0
981492,16.3582,0.0,431.0
983330,16.388833333333334,0.0,417.0
985168,16.41946666666667,0.0,413.0
987006,16.4501,0.0,405.0
988844,16.480733333333333,0.0,400.0
990682,16.511366666666667,0.0,400.0
992520,16.542,0.0,421.0
994358,16.572633333333332,0.0,443.0
996196,16.603266666666666,0.0,462.0
998034,16.6339,0.0,463.0
999872,16.664533333333335,0.0,459.0
1001710,16.695166666666665,0.0,450.0
1003548,16.7258,0.0,447.0
1005386,16.756433333333334,0.0,442.0
1007224,16.787066666666668,0.0,424.0
1009062,16.8177,0.0,412.0
1010900,16.848333333333333,0.0,408.0
1012738,16.878966666666667,0.0,410.0
1014576,16.9096,0.0,430.0
1016414,16.94023333333333,0.0,456.0
1018252,16.970866666666666,0.0,460.0
1020090,17.0015,0.0,466.0
1021928,17.032133333333334,0.0,471.0
1023766,17.06276666666667,0.0,467.0
1025604,17.0934,0.0,474.0
1027442,17.124033333333333,0.0,462.0
1029280,17.154666666666667,0.0,440.0
1031118,17.1853,0.0,433.0
1032956,17.215933333333332,0.0,435.0
1034794,17.246566666666666,0.0,458.0
1036632,17.2772,0.0,479.0
1038470,17.307833333333335,0.0,490.0
1040308,17.338466666666665,0.0,486.0
1042146,17.3691,0.0,466.0
1043984,17.399733333333334,0.0,457.0
1045822,17.430366666666668,0.0,449.0
1047660,17.461,0.0,441.0
1049498,17.491633333333333,0.0,453.0
1051336,17.522266666666667,0.0,464.0
1053174,17.5529,0.0,464.0
1055012,17.58353333333333,0.0,478.0
1056850,17.614166666666666,0.0,485.0
1058688,17.6448,0.0,470.0
1060526,17.675433333333334,0.0,464.0
1062364,17.70606666666667,0.0,448.0
1064202,17.7367,0.0,428.0
1066040,17.767333333333333,0.0,420.0
1067878,17.797966666666667,0.0,419.0
1069716,17.8286,0.0,430.0
1071554,17.859233333333332,0.0,455.0
1073392,17.889866666666666,0.0,482.0
1075230,17.9205,0.0,473.0
1077068,17.951133333333335,0.0,467.0
1078906,17.981766666666665,0.0,438.0
1080744,18.0124,0.0,408.0
1082582,18.043033333333334,0.0,413.0
1084420,18.073666666666668,0.0,412.0
1086258,18.1043,0.0,424.0
1088096,18.134933333333333,0.0,443.0
1089934,18.165566666666667,0.0,459.0
1091772,18.1962,0.0,477.0
1093610,18.22683333333333,0.0,502.0
1095448,18.257466666666666,0.0,503.0
1097286,18.2881,0.0,504.0
1099124,18.318733333333334,0.0,513.0
1100962,18.34936666666667,0.0,494.0
1102800,18.38,0.0,497.0
1104638,18.410633333333333,0.0,483.0
1106476,18.441266666666667,0.0,471.0
1108314,18.4719,0.0,495.0
1110152,18.502533333333332,0.0,509.0
1111990,18.533166666666666,0.0,539.0
1113828,18.5638,0.0,534.0
1115666,18.594433333333335,0.0,520.0
1117504,18.625066666666665,0.0,512.0
1119342,18.6557,0.0,490.0
1121180,18.686333333333334,0.0,495.0
1123018,18.716966666666668,0.0,477.0
1124856,18.7476,0.0,466.0
1126694,18.778233333333333,0.0,471.0
1128532,18.808866666666667,0.0,463.0
1130370,18.8395,0.0,477.0
1132208,18.87013333333333,0.0,483.0
1134046,18.900766666666666,0.0,489.0
1135884,18.9314,0.0,493.0
1137722,18.962033333333334,0.0,487.0
1139560,18.99266666666667,0.0,483.0
1141398,19.0233,0.0,467.0
1143236,19.053933333333333,0.0,461.0
1145074,19.084566666666667,0.0,452.0
1146912,19.1152,0.0,454.0
1148750,19.145833333333332,0.0,470.0
1150588,19.176466666666666,0.0,467.0
1152426,19.2071,0.0,486.0
1154264,19.237733333333335,0.0,490.0
1156102,19.268366666666665,0.0,495.0
1157940,19.299,0.0,498.0
1159778,19.329633333333334,0.0,486.0
1161616,19.360266666666668,0.0,468.0
1163454,19.3909,0.0,450.0
1165292,19.421533333333333,0.0,466.0
1167130,19.452166666666667,0.0,477.0
1168968,19.4828,0.0,506.0
1170806,19.51343333333333,0.0,521.0
1172644,19.544066666666666,0.0,508.0
1174482,19.5747,0.0,515.0
1176320,19.605333333333334,0.0,502.0
1178158,19.63596666666667,0.0,502.0
1179996,19.6666,0.0,492.0
1181834,19.697233333333333,0.0,476.0
1183672,19.727866666666667,0.0,477.0
1185510,19.7585,0.0,480.0
1187348,19.789133333333332,0.0,496.0
1189186,19.819766666666666,0.0,513.0
1191024,19.8504,0.0,522.0
1192862,19.881033333333335,0.0,517.0
1194700,19.911666666666665,0.0,516.0
1196538,19.9423,0.0,501.0
1198376,19.972933333333334,0.0,475.0
1200214,20.003566666666668,0.0,464.0
1202052,20.0342,0.0,461.0
1203890,20.064833333333333,0.0,473.0
1205728,20.095466666666667,0.0,488.0
1207566,20.1261,0.0,496.0
1209404,20.15673333333333,0.0,493.0
1211242,20.187366666666666,0.0,490.0
1213080,20.218,0.0,480.0
1214918,20.248633333333334,0.0,468.0
1216756,20.27926666666667,0.0,449.0
1218594,20.3099,0.0,428.0
1220432,20.340533333333333,0.0,431.0
1222270,20.371166666666667,0.0,444.0
1224108,20.4018,0.0,479.0
1225946,20.432433333333332,0.0,508.0
1227784,20.463066666666666,0.0,516.0
1229622,20.4937,0.0,497.0
1231460,20.524333333333335,0.0,471.0
1233298,20.554966666666665,0.0,462.0
1235136,20.5856,0.0,461.0
1236974,20.616233333333334,0.0,478.0
1238812,20.646866666666668,0.0,483.0
1240650,20.6775,0.0,468.0
1242488,20.708133333333333,0.0,464.0
1244326,20.738766666666667,0.0,476.0
1246164,20.7694,0.0,501.0
1248002,20.80003333333333,0.0,519.0
1249840,20.830666666666666,0.0,529.0
1251678,20.8613,0.0,518.0
1253516,20.891933333333334,0.0,503.0
1255354,20.92256666666667,0.0,500.0
1257192,20.9532,0.0,498.0
1259030,20.983833333333333,0.0,481.0
1260868,21.014466666666667,0.0,473.0
1262706,21.0451,0.0,484.0
1264544,21.075733333333332,0.0,487.0
1266382,21.106366666666666,0.0,503.0
1268220,21.137,0.0,503.0
1270058,21.167633333333335,0.0,492.0
1271896,21.198266666666665,0.0,486.0
1273734,21.2289,0.0,493.0
1275572,21.259533333333334,0.0,502.0
1277410,21.290166666666668,0.0,501.0
1279248,21.3208,0.0,500.0
1281086,21.351433333333333,0.0,510.0
1282924,21.382066666666667,0.0,519.0
1284762,21.4127,0.0,514.0
1286600,21.44333333333333,0.0,512.0
1288438,21.473966666666666,0.0,502.0
1290276,21.5046,0.0,493.0
1292114,21.535233333333334,0.0,496.0
1293952,21.56586666666667,0.0,496.0
1295790,21.5965,0.0,477.0
1297628,21.627133333333333,0.0,471.0
1299466,21.657766666666667,0.0,467.0
1301304,21.6884,0.0,481.0
1303142,21.719033333333332,0.0,511.0
1304980,21.749666666666666,0.0,518.0
1306818,21.7803,0.0,523.0
1308656,21.810933333333335,0.0,520.0
1310494,21.841566666666665,0.0,511.0
1312332,21.8722,0.0,510.0
1314170,21.902833333333334,0.0,501.0
1316008,21.933466666666668,0.0,487.0
1317846,21.9641,0.0,480.0
1319684,21.994733333333333,0.0,487.0
1321522,22.025366666666667,0.0,500.0
1323360,22.056,0.0,519.0
1325198,22.08663333333333,0.0,529.0
1327036,22.117266666666666,0.0,525.0
1328874,22.1479,0.0,525.0
1330712,22.178533333333334,0.0,528.0
1332550,22.20916666666667,0.0,517.0
1334388,22.2398,0.0,507.0
1336226,22.270433333333333,0.0,527.0
1338064,22.301066666666667,0.0,553.0
1339902,22.3317,0.0,587.0
1341740,22.362333333333332,0.0,601.0
1343578,22.392966666666666,0.0,587.0
1345416,22.4236,0.0,559.0
1347254,22.454233333333335,0.0,532.0
1349092,22.484866666666665,0.0,531.0
1350930,22.5155,0.0,519.0
1352768,22.546133333333334,0.0,508.0
1354606,22.576766666666668,0.0,515.0
1356444,22.6074,0.0,518.0
1358282,22.638033333333333,0.0,528.0
1360120,22.668666666666667,0.0,548.0
1361958,22.6993,0.0,555.0
1363796,22.729933333333335,0.0,568.0
1365634,22.760566666666666,0.0,566.0
1367472,22.7912,0.0,544.0
1369310,22.821833333333334,0.0,521.0
1371148,22.85246666666667,0.0,487.0
1372986,22.8831,0.0,459.0
1374824,22.913733333333333,0.0,465.0
1376662,22.944366666666667,0.0,474.0
1378500,22.975,0.0,502.0
1380338,23.005633333333332,0.0,549.0
1382176,23.036266666666666,0.0,552.0
1384014,23.0669,0.0,558.0
1385852,23.097533333333335,0.0,545.0
1387690,23.128166666666665,0.0,528.0
1389528,23.1588,0.0,532.0
1391366,23.189433333333334,0.0,539.0
1393204,23.220066666666668,0.0,552.0
1395042,23.2507,0.0,558.0
1396880,23.281333333333333,0.0,571.0
1398718,23.311966666666667,0.0,579.0
1400556,23.3426,0.0,583.0
1402394,23.373233333333335,0.0,601.0
1404232,23.403866666666666,0.0,598.0
1406070,23.4345,0.0,586.0
1407908,23.465133333333334,0.0,581.0
1409746,23.49576666666667,0.0,565.0
1411584,23.5264,0.0,554.0
1413422,23.557033333333333,0.0,570.0
1415260,23.587666666666667,0.0,579.0
1417098,23.6183,0.0,595.0
1418936,23.648933333333332,0.0,613.0
1420774,23.679566666666666,0.0,609.0
1422612,23.7102,0.0,607.0
1424450,23.740833333333335,0.0,575.0
1426288,23.771466666666665,0.0,551.0
1428126,23.8021,0.0,536.0
1429964,23.832733333333334,0.0,519.0
1431802,23.863366666666668,0.0,530.0
1433640,23.894,0.0,555.0
1435478,23.924633333333333,0.0,585.0
1437316,23.955266666666667,0.0,609.0
1439154,23.9859,0.0,630.0
1440992,24.016533333333335,0.0,624.0
1442830,24.047166666666666,0.0,609.0
1444668,24.0778,0.0,595.0
1446506,24.108433333333334,0.0,566.0
1448344,24.13906666666667,0.0,535.0
1450182,24.1697,0.0,526.0
1452020,24.200333333333333,0.0,535.0
1453858,24.230966666666667,0.0,568.0
1455696,24.2616,0.0,595.0
1457534,24.292233333333332,0.0,612.0
1459372,24.322866666666666,0.0,616.0
1461210,24.3535,0.0,595.0
1463048,24.384133333333335,0.0,593.0
1464886,24.414766666666665,0.0,577.0
1466724,24.4454,0.0,564.0
1468562,24.476033333333334,0.0,559.0
1470400,24.506666666666668,0.0,562.0
1472238,24.5373,0.0,572.0
1474076,24.567933333333333,0.0,587.0
1475914,24.598566666666667,0.0,609.0
1477752,24.6292,0.0,611.0
1479590,24.659833333333335,0.0,625.0
1481428,24.690466666666666,0.0,633.0
1483266,24.7211,0.0,610.0
1485104,24.751733333333334,0.0,593.0
1486942,24.782366666666668,0.0,579.0
1488780,24.813,0.0,572.0
1490618,24.843633333333333,0.0,605.0
1492456,24.874266666666667,0.0,639.0
1494294,24.9049,0.0,645.0
1496132,24.935533333333332,0.0,651.0
1497970,24.966166666666666,0.0,640.0
1499808,24.9968,0.0,627.0
1501646,25.027433333333335,0.0,617.0
1503484,25.058066666666665,0.0,584.0
1505322,25.0887,0.0,556.0
1507160,25.119333333333334,0.0,537.0
1508998,25.149966666666668,0.0,551.0
1510836,25.1806,0.0,586.0
1512674,25.211233333333332,0.0,622.0
1514512,25.241866666666667,0.0,655.0
1516350,25.2725,0.0,654.0
1518188,25.303133333333335,0.0,632.0
1520026,25.333766666666666,0.0,604.0
1521864,25.3644,0.0,575.0
1523702,25.395033333333334,0.0,542.0
1525540,25.425666666666668,0.0,532.0
1527378,25.4563,0.0,546.0
1529216,25.486933333333333,0.0,572.0
1531054,25.517566666666667,0.0,610.0
1532892,25.5482,0.0,624.0
1534730,25.578833333333332,0.0,631.0
1536568,25.609466666666666,0.0,617.0
1538406,25.6401,0.0,604.0
1540244,25.670733333333335,0.0,610.0
1542082,25.701366666666665,0.0,589.0
1543920,25.732,0.0,578.0
1545758,25.762633333333333,0.0,581.0
1547596,25.793266666666668,0.0,596.0
1549434,25.8239,0.0,626.0
1551272,25.854533333333332,0.0,658.0
1553110,25.885166666666667,0.0,671.0
1554948,25.9158,0.0,665.0
1556786,25.946433333333335,0.0,654.0
1558624,25.977066666666666,0.0,651.0
1560462,26.0077,0.0,652.0
1562300,26.038333333333334,0.0,640.0
1564138,26.068966666666668,0.0,640.0
1565976,26.0996,0.0,635.0
1567814,26.130233333333333,0.0,636.0
1569652,26.160866666666667,0.0,668.0
1571490,26.1915,0.0,678.0
1573328,26.222133333333332,0.0,683.0
1575166,26.252766666666666,0.0,671.0
1577004,26.2834,0.0,642.0
1578842,26.314033333333334,0.0,639.0
1580680,26.344666666666665,0.0,627.0
1582518,26.3753,0.0,619.0
1584356,26.405933333333333,0.0,629.0
1586194,26.436566666666668,0.0,640.0
1588032,26.4672,0.0,662.0
1589870,26.497833333333332,0.0,694.0
1591708,26.528466666666667,0.0,709.0
1593546,26.5591,0.0,688.0
1595384,26.589733333333335,0.0,672.0
1597222,26.620366666666666,0.0,649.0
1599060,26.651,0.0,607.0
1600898,26.681633333333334,0.0,598.0
1602736,26.712266666666668,0.0,586.0
1604574,26.7429,0.0,598.0
1606412,26.773533333333333,0.0,637.0
1608250,26.804166666666667,0.0,682.0
1610088,26.8348,0.0,709.0
1611926,26.865433333333332,0.0,732.0
1613764,26.896066666666666,0.0,731.0
1615602,26.9267,0.0,712.0
1617440,26.957333333333334,0.0,707.0
1619278,26.987966666666665,0.0,691.0
1621116,27.0186,0.0,674.0
1622954,27.049233333333333,0.0,687.0
1624792,27.079866666666668,0.0,704.0
1626630,27.1105,0.0,716.0
1628468,27.141133333333332,0.0,748.0
1630306,27.171766666666667,0.0,756.0
1632144,27.2024,0.0,760.0
1633982,27.233033333333335,0.0,758.0
1635820,27.263666666666666,0.0,744.0
1637658,27.2943,0.0,733.0
1639496,27.324933333333334,0.0,722.0
1641334,27.355566666666668,0.0,739.0
1643172,27.3862,0.0,756.0
1645010,27.416833333333333,0.0,770.0
1646848,27.447466666666667,0.0,787.0
1648686,27.4781,0.0,787.0
1650524,27.508733333333332,0.0,797.0
1652362,27.539366666666666,0.0,794.0
1654200,27.57,0.0,760.0
1656038,27.600633333333334,0.0,739.0
1657876,27.631266666666665,0.0,711.0
1659714,27.6619,0.0,699.0
1661552,27.692533333333333,0.0,742.0
1663390,27.723166666666668,0.0,764.0
1665228,27.7538,0.0,794.0
1667066,27.784433333333332,0.0,818.0
1668904,27.815066666666667,0.0,800.0
1670742,27.8457,0.0,795.0
1672580,27.876333333333335,0.0,779.0
1674418,27.906966666666666,0.0,760.0
1676256,27.9376,0.0,739.0
1678094,27.968233333333334,0.0,722.0
1679932,27.998866666666668,0.0,719.0
1681770,28.0295,0.0,742.0
1683608,28.060133333333333,0.0,782.0
1685446,28.090766666666667,0.0,813.0
1687284,28.1214,0.0,842.0
1689122,28.152033333333332,0.0,841.0
1690960,28.182666666666666,0.0,827.0
1692798,28.2133,0.0,809.0
1694636,28.243933333333334,0.0,797.0
1696474,28.274566666666665,0.0,780.0
1698312,28.3052,0.0,765.0
1700150,28.335833333333333,0.0,786.0
1701988,28.366466666666668,0.0,811.0
1703826,28.3971,0.0,857.0
1705664,28.427733333333332,0.0,903.0
1707502,28.458366666666667,0.0,916.0
1709340,28.489,0.0,909.0
1711178,28.519633333333335,0.0,885.0
1713016,28.550266666666666,0.0,866.0
1714854,28.5809,0.0,853.0
1716692,28.611533333333334,0.0,843.0
1718530,28.642166666666668,0.0,849.0
1720368,28.6728,0.0,874.0
1722206,28.703433333333333,0.0,909.0
1724044,28.734066666666667,0.0,946.0
1725882,28.7647,0.0,965.0
1727720,28.795333333333332,0.0,947.0
1729558,28.825966666666666,0.0,923.0
1731396,28.8566,0.0,898.0
1733234,28.887233333333334,0.0,874.0
1735072,28.917866666666665,0.0,871.0
1736910,28.9485,0.0,877.0
1738748,28.979133333333333,0.0,895.0
1740586,29.009766666666668,0.0,926.0
1742424,29.0404,0.0,958.0
1744262,29.071033333333332,0.0,978.0
1746100,29.101666666666667,0.0,976.0
1747938,29.1323,0.0,969.0
1749776,29.162933333333335,0.0,966.0
1751614,29.193566666666666,0.0,937.0
1753452,29.2242,0.0,910.0
1755290,29.254833333333334,0.0,884.0
1757128,29.285466666666668,0.0,879.0
1758966,29.3161,0.0,889.0
1760804,29.346733333333333,0.0,936.0
1762642,29.377366666666667,0.0,976.0
1764480,29.408,0.0,980.0
1766318,29.438633333333332,0.0,989.0
1768156,29.469266666666666,0.0,966.0
1769994,29.4999,0.0,950.0
1771832,29.530533333333334,0.0,948.0
1773670,29.561166666666665,0.0,942.0
1775508,29.5918,0.0,951.0
1777346,29.622433333333333,0.0,981.0
1779184,29.653066666666668,0.0,1007.0
1781022,29.6837,0.0,1039.0
1782860,29.714333333333332,0.0,1065.0
1784698,29.744966666666667,0.0,1068.0
1786536,29.7756,0.0,1083.0
1788374,29.806233333333335,0.0,1084.0
1790212,29.836866666666666,0.0,1076.0
1792050,29.8675,0.0,1060.0
1793888,29.898133333333334,0.0,1034.0
1795726,29.928766666666668,0.0,1048.0
1797564,29.9594,0.0,1068.0
1799402,29.990033333333333,0.0,1101.0
1801240,30.020666666666667,0.0,1139.0
1803078,30.0513,0.0,1124.0
1804916,30.081933333333332,0.0,1112.0
1806754,30.112566666666666,0.0,1109.0
1808592,30.1432,0.0,1100.0
1810430,30.173833333333334,0.0,1110.0
1812268,30.204466666666665,0.0,1093.0
1814106,30.2351,0.0,1087.0
1815944,30.265733333333333,0.0,1100.0
1817782,30.296366666666668,0.0,1125.0
1819620,30.327,0.0,1174.0
1821458,30.357633333333332,0.0,1200.0
1823296,30.388266666666667,0.0,1199.0
1825134,30.4189,0.0,1190.0
1826972,30.449533333333335,0.0,1195.0
1828810,30.480166666666666,0.0,1170.0
1830648,30.5108,0.0,1147.0
1832486,30.541433333333334,0.0,1125.0
1834324,30.572066666666668,0.0,1116.0
1836162,30.6027,0.0,1147.0
1838000,30.633333333333333,0.0,1180.0
1839838,30.663966666666667,0.0,1214.0
1841676,30.6946,0.0,1229.0
1843514,30.725233333333332,0.0,1224.0
1845352,30.755866666666666,0.0,1220.0
1847190,30.7865,0.0,1211.0
1849028,30.817133333333334,0.0,1197.0
1850866,30.847766666666665,0.0,1188.0
1852704,30.8784,0.0,1188.0
1854542,30.909033333333333,0.0,1203.0
1856380,30.939666666666668,0.0,1231.0
1858218,30.9703,0.0,1265.0
1860056,31.000933333333332,0.0,1272.0
1861894,31.031566666666667,0.0,1263.0
1863732,31.0622,0.0,1246.0
1865570,31.092833333333335,0.0,1233.0
1867408,31.123466666666666,0.0,1224.0
1869246,31.1541,0.0,1203.0
1871084,31.184733333333334,0.0,1201.0
1872922,31.215366666666668,0.0,1235.0
1874760,31.246,0.0,1287.0
1876598,31.276633333333333,0.0,1354.0
1878436,31.307266666666667,0.0,1392.0
1880274,31.3379,0.0,1377.0
1882112,31.368533333333332,0.0,1357.0
1883950,31.399166666666666,0.0,1336.0
1885788,31.4298,0.0,1307.0
1887626,31.460433333333334,0.0,1289.0
1889464,31.491066666666665,0.0,1284.0
1891302,31.5217,0.0,1310.0
1893140,31.552333333333333,0.0,1360.0
1894978,31.582966666666668,0.0,1416.0
1896816,31.6136,0.0,1465.0
1898654,31.644233333333332,0.0,1485.0
1900492,31.674866666666667,0.0,1477.0
1902330,31.7055,0.0,1451.0
1904168,31.736133333333335,0.0,1430.0
1906006,31.766766666666665,0.0,1413.0
1907844,31.7974,0.0,1393.0
1909682,31.828033333333334,0.0,1396.0
1911520,31.858666666666668,0.0,1414.0
1913358,31.8893,0.0,1440.0
1915196,31.919933333333333,0.0,1494.0
1917034,31.950566666666667,0.0,1531.0
1918872,31.9812,0.0,1544.0
1920710,32.011833333333335,0.0,1548.0
1922548,32.04246666666667,0.0,1520.0
1924386,32.0731,0.0,1497.0
1926224,32.10373333333333,0.0,1461.0
1928062,32.134366666666665,0.0,1440.0
1929900,32.165,0.0,1468.0
1931738,32.19563333333333,0.0,1508.0
1933576,32.22626666666667,0.0,1572.0
1935414,32.2569,0.0,1629.0
1937252,32.287533333333336,0.0,1626.0
1939090,32.31816666666667,0.0,1611.0
1940928,32.3488,0.0,1597.0
1942766,32.37943333333333,0.0,1598.0
1944604,32.410066666666665,0.0,1608.0
1946442,32.4407,0.0,1640.0
1948280,32.471333333333334,0.0,1715.0
1950118,32.50196666666667,0.0,1791.0
1951956,32.5326,0.0,1905.0
1953794,32.563233333333336,0.0,2025.0
1955632,32.59386666666666,0.0,2097.0
1957470,32.6245,0.0,2180.0
1959308,32.65513333333333,0.0,2268.0
1961146,32.685766666666666,0.0,2352.0
1962984,32.7164,0.0,2486.0
1964822,32.747033333333334,0.0,2650.0
1966660,32.77766666666667,0.0,2880.0
1968498,32.8083,0.0,3155.0
1970336,32.83893333333334,0.0,3424.0
1972174,32.869566666666664,0.0,3708.0
1974012,32.9002,0.0,3975.0
1975850,32.93083333333333,0.0,4255.0
1977688,32.96146666666667,0.0,4610.0
1979526,32.9921,0.0,5003.0
1981364,33.022733333333335,0.0,5485.0
1983202,33.05336666666667,0.0,6114.0
1985040,33.084,0.0,6852.0
1986878,33.11463333333333,0.0,7681.0
1988716,33.145266666666664,0.0,8540.0
1990554,33.1759,0.0,9432.0
1992392,33.20653333333333,0.0,10367.0
1994230,33.23716666666667,0.0,11428.0
1996068,33.2678,0.0,12720.0
1997906,33.298433333333335,0.0,14245.0
1999744,33.32906666666667,0.0,16126.0
2001582,33.3597,0.0,18482.0
2003420,33.39033333333333,0.0,21405.0
2005258,33.420966666666665,0.0,24660.0
2007096,33.4516,0.0,27976.0
2008934,33.48223333333333,0.0,31333.0
2010772,33.51286666666667,0.0,34710.0
2012610,33.5435,0.0,38448.0
2014448,33.574133333333336,0.0,42896.0
2016286,33.60476666666667,0.0,48192.0
2018124,33.6354,0.0,54547.0
2019962,33.66603333333333,0.0,62297.0
2021800,33.696666666666665,0.0,71888.0
2023638,33.7273,0.0,82699.0
2025476,33.757933333333334,0.0,93254.0
2027314,33.78856666666667,0.0,102934.0
2029152,33.8192,0.0,111367.0
2030990,33.849833333333336,0.0,119173.0
2032828,33.88046666666666,0.0,127845.0
2034666,33.9111,0.0,137923.0
2036504,33.94173333333333,0.0,149771.0
2038342,33.972366666666666,0.0,163906.0
2040180,34.003,0.0,181030.0
2042018,34.033633333333334,0.0,201102.0
2043856,34.06426666666667,0.0,221406.0
2045694,34.0949,0.0,240000.0
2047532,34.12553333333334,0.0,256061.0
2049370,34.156166666666664,0.0,269596.0
2051208,34.1868,0.0,283104.0
2053046,34.21743333333333,0.0,298181.0
2054884,34.248066666666666,0.0,315036.0
2056722,34.2787,0.0,333892.0
2058560,34.309333333333335,0.0,355010.0
2060398,34.33996666666667,0.0,378524.0
2062236,34.3706,0.0,402503.0
2064074,34.40123333333333,0.0,424641.0
2065912,34.431866666666664,0.0,444598.0
2067750,34.4625,0.0,462225.0
2069588,34.49313333333333,0.0,479345.0
2071426,34.52376666666667,0.0,497924.0
2073264,34.5544,0.0,517764.0
2075102,34.585033333333335,0.0,538557.0
2076940,34.61566666666667,0.0,559905.0
2078778,34.6463,0.0,581538.0
2080616,34.67693333333333,0.0,602420.0
2082454,34.707566666666665,0.0,620489.0
2084292,34.7382,0.0,635629.0
2086130,34.76883333333333,0.0,648051.0
2087968,34.79946666666667,0.0,658668.0
2089806,34.8301,0.0,669167.0
2091644,34.860733333333336,0.0,679310.0
2093482,34.89136666666667,0.0,688447.0
2095320,34.922,0.0,696280.0
2097158,34.95263333333333,0.0,703308.0
2098996,34.983266666666665,0.0,710258.0
2100834,35.0139,0.0,716938.0
2102672,35.044533333333334,0.0,722988.0
2104510,35.07516666666667,0.0,728256.0
2106348,35.1058,0.0,732635.0
2108186,35.136433333333336,0.0,737138.0
2110024,35.16706666666666,0.0,742998.0
2111862,35.1977,0.0,751191.0
2113700,35.22833333333333,0.0,763081.0
2115538,35.258966666666666,0.0,780221.0
2117376,35.2896,0.0,803930.0
2119214,35.320233333333334,0.0,832100.0
2121052,35.35086666666667,0.0,859605.0
2122890,35.3815,0.0,883935.0
2124728,35.41213333333334,0.0,903829.0
2126566,35.442766666666664,0.0,921128.0
2128404,35.4734,0.0,940596.0
2130242,35.50403333333333,0.0,964659.0
2132080,35.534666666666666,0.0,995721.0
2133918,35.5653,0.0,1037875.0
2135756,35.595933333333335,0.0,1097021.0
2137594,35.62656666666667,0.0,1175901.0
2139432,35.6572,0.0,1261685.0
2141270,35.68783333333333,0.0,1342971.0
2143108,35.718466666666664,0.0,1413647.0
2144946,35.7491,0.0,1469764.0
2146784,35.77973333333333,0.0,1521216.0
2148622,35.81036666666667,0.0,1573622.0
2150460,35.841,0.0,1623965.0
2152298,35.871633333333335,0.0,1669255.0
2154136,35.90226666666667,0.0,1706922.0
2155974,35.9329,0.0,1734731.0
2157812,35.96353333333333,0.0,1751173.0
2159650,35.994166666666665,0.0,1757498.0
2161488,36.0248,0.0,1755087.0
2163326,36.05543333333333,0.0,1745424.0
2165164,36.08606666666667,0.0,1730097.0
2167002,36.1167,0.0,1707808.0
2168840,36.147333333333336,0.0,1676779.0
2170678,36.17796666666667,0.0,1635779.0
2172516,36.2086,0.0,1584807.0
2174354,36.23923333333333,0.0,1525416.0
2176192,36.269866666666665,0.0,1463284.0
2178030,36.3005,0.0,1408435.0
2179868,36.331133333333334,0.0,1365125.0
2181706,36.36176666666667,0.0,1333827.0
2183544,36.3924,0.0,1311327.0
2185382,36.423033333333336,0.0,1289994.0
2187220,36.45366666666666,0.0,1266916.0
2189058,36.4843,0.0,1241866.0
2190896,36.51493333333333,0.0,1214654.0
2192734,36.545566666666666,0.0,1185481.0
2194572,36.5762,0.0,1155802.0
2196410,36.606833333333334,0.0,1129660.0
2198248,36.63746666666667,0.0,1109754.0
2200086,36.6681,0.0,1096505.0
2201924,36.69873333333334,0.0,1089070.0
2203762,36.729366666666664,0.0,1084058.0
2205600,36.76,0.0,1079284.0
2207438,36.79063333333333,0.0,1074365.0
2209276,36.821266666666666,0.0,1068741.0
2211114,36.8519,0.0,1061435.0
2212952,36.882533333333335,0.0,1051346.0
2214790,36.91316666666667,0.0,1038822.0
2216628,36.9438,0.0,1026060.0
2218466,36.97443333333333,0.0,1014407.0
2220304,37.005066666666664,0.0,1004928.0
2222142,37.0357,0.0,997372.0
2223980,37.06633333333333,0.0,990009.0
2225818,37.09696666666667,0.0,982296.0
2227656,37.1276,0.0,974105.0
2229494,37.158233333333335,0.0,964988.0
2231332,37.18886666666667,0.0,954062.0
2233170,37.2195,0.0,940672.0
2235008,37.25013333333333,0.0,926514.0
2236846,37.280766666666665,0.0,913273.0
2238684,37.3114,0.0,901807.0
2240522,37.34203333333333,0.0,892757.0
2242360,37.37266666666667,0.0,884558.0
2244198,37.4033,0.0,876077.0
2246036,37.433933333333336,0.0,867484.0
2247874,37.46456666666667,0.0,858751.0
2249712,37.4952,0.0,849530.0
2251550,37.52583333333333,0.0,839094.0
2253388,37.556466666666665,0.0,827727.0
2255226,37.5871,0.0,816955.0
2257064,37.617733333333334,0.0,807341.0
2258902,37.64836666666667,0.0,799496.0
2260740,37.679,0.0,792974.0
2262578,37.709633333333336,0.0,786354.0
2264416,37.74026666666666,0.0,779511.0
2266254,37.7709,0.0,772629.0
2268092,37.80153333333333,0.0,765622.0
2269930,37.832166666666666,0.0,758095.0
2271768,37.8628,0.0,749750.0
2273606,37.893433333333334,0.0,741520.0
2275444,37.92406666666667,0.0,734068.0
2277282,37.9547,0.0,727788.0
2279120,37.98533333333334,0.0,722885.0
2280958,38.015966666666664,0.0,718319.0
2282796,38.0466,0.0,713620.0
2284634,38.07723333333333,0.0,708906.0
2286472,38.107866666666666,0.0,704202.0
2288310,38.1385,0.0,699348.0
2290148,38.169133333333335,0.0,693822.0
2291986,38.19976666666667,0.0,687809.0
2293824,38.2304,0.0,681987.0
2295662,38.26103333333333,0.0,676534.0
2297500,38.291666666666664,0.0,671860.0
2299338,38.3223,0.0,667706.0
2301176,38.35293333333333,0.0,663488.0
2303014,38.38356666666667,0.0,659403.0
2304852,38.4142,0.0,655591.0
2306690,38.444833333333335,0.0,651869.0
2308528,38.47546666666667,0.0,647611.0
2310366,38.5061,0.0,642358.0
2312204,38.53673333333333,0.0,636810.0
2314042,38.567366666666665,0.0,631418.0
2315880,38.598,0.0,626721.0
2317718,38.62863333333333,0.0,623009.0
2319556,38.65926666666667,0.0,619561.0
2321394,38.6899,0.0,616231.0
2323232,38.720533333333336,0.0,613136.0
2325070,38.75116666666667,0.0,610061.0
2326908,38.7818,0.0,606341.0
2328746,38.81243333333333,0.0,601246.0
2330584,38.843066666666665,0.0,595418.0
2332422,38.8737,0.0,589742.0
2334260,38.904333333333334,0.0,584856.0
2336098,38.93496666666667,0.0,581371.0
2337936,38.9656,0.0,578554.0
2339774,38.996233333333336,0.0,575751.0
2341612,39.02686666666666,0.0,572865.0
2343450,39.0575,0.0,569569.0
2345288,39.08813333333333,0.0,565427.0
2347126,39.118766666666666,0.0,560046.0
2348964,39.1494,0.0,554018.0
2350802,39.180033333333334,0.0,548525.0
2352640,39.21066666666667,0.0,544188.0
2354478,39.2413,0.0,541400.0
2356316,39.27193333333334,0.0,539666.0
2358154,39.302566666666664,0.0,538034.0
2359992,39.3332,0.0,536190.0
2361830,39.36383333333333,0.0,533776.0
2363668,39.394466666666666,0.0,530166.0
2365506,39.4251,0.0,524813.0
2367344,39.455733333333335,0.0,517797.0
2369182,39.48636666666667,0.0,510603.0
2371020,39.517,0.0,504375.0
2372858,39.54763333333333,0.0,499803.0
2374696,39.578266666666664,0.0,496976.0
2376534,39.6089,0.0,494794.0
2378372,39.63953333333333,0.0,492668.0
2380210,39.67016666666667,0.0,490358.0
2382048,39.7008,0.0,487345.0
2383886,39.731433333333335,0.0,482823.0
2385724,39.76206666666667,0.0,476083.0
2387562,39.7927,0.0,468077.0
2389400,39.82333333333333,0.0,460403.0
2391238,39.853966666666665,0.0,453974.0
2393076,39.8846,0.0,449544.0
2394914,39.91523333333333,0.0,446364.0
2396752,39.94586666666667,0.0,443330.0
2398590,39.9765,0.0,440250.0
2400428,40.007133333333336,0.0,436765.0
2402266,40.03776666666667,0.0,432186.0
2404104,40.0684,0.0,425645.0
2405942,40.09903333333333,0.0,417214.0
2407780,40.129666666666665,0.0,408700.0
2409618,40.1603,0.0,401218.0
2411456,40.190933333333334,0.0,395570.0
2413294,40.22156666666667,0.0,391706.0
2415132,40.2522,0.0,388056.0
2416970,40.282833333333336,0.0,384058.0
2418808,40.31346666666666,0.0,379420.0
2420646,40.3441,0.0,373535.0
2422484,40.37473333333333,0.0,365723.0
2424322,40.405366666666666,0.0,355847.0
2426160,40.436,0.0,345666.0
2427998,40.466633333333334,0.0,336790.0
2429836,40.49726666666667,0.0,329986.0
2431674,40.5279,0.0,325363.0
2433512,40.55853333333334,0.0,321298.0
2435350,40.589166666666664,0.0,316537.0
2437188,40.6198,0.0,310652.0
2439026,40.65043333333333,0.0,303070.0
2440864,40.681066666666666,0.0,293181.0
2442702,40.7117,0.0,280553.0
2444540,40.742333333333335,0.0,266423.0
2446378,40.77296666666667,0.0,253535.0
2448216,40.8036,0.0,243054.0
2450054,40.83423333333333,0.0,235440.0
2451892,40.864866666666664,0.0,229674.0
2453730,40.8955,0.0,223395.0
2455568,40.92613333333333,0.0,215863.0
2457406,40.95676666666667,0.0,206794.0
2459244,40.9874,0.0,195799.0
2461082,41.018033333333335,0.0,182672.0
2462920,41.04866666666667,0.0,167946.0
2464758,41.0793,0.0,154226.0
2466596,41.10993333333333,0.0,143237.0
2468434,41.140566666666665,0.0,135438.0
2470272,41.1712,0.0,130528.0
2472110,41.20183333333333,0.0,126263.0
2473948,41.23246666666667,0.0,121391.0
2475786,41.2631,0.0,115882.0
2477624,41.293733333333336,0.0,109732.0
2479462,41.32436666666667,0.0,102947.0
2481300,41.355,0.0,95646.0
2483138,41.38563333333333,0.0,88679.0
2484976,41.416266666666665,0.0,83051.0
2486814,41.4469,0.0,78987.0
2488652,41.477533333333334,0.0,76458.0
2490490,41.50816666666667,0.0,74684.0
2492328,41.5388,0.0,72747.0
2494166,41.569433333333336,0.0,70568.0
2496004,41.60006666666666,0.0,68147.0
2497842,41.6307,0.0,65435.0
2499680,41.66133333333333,0.0,62450.0
2501518,41.691966666666666,0.0,59409.0
2503356,41.7226,0.0,56831.0
2505194,41.753233333333334,0.0,54934.0
2507032,41.78386666666667,0.0,53789.0
2508870,41.8145,0.0,53179.0
2510708,41.84513333333334,0.0,52642.0
2512546,41.875766666666664,0.0,52062.0
2514384,41.9064,0.0,51364.0
2516222,41.93703333333333,0.0,50507.0
2518060,41.967666666666666,0.0,49346.0
2519898,41.9983,0.0,47857.0
2521736,42.028933333333335,0.0,46363.0
2523574,42.05956666666667,0.0,45087.0
2525412,42.0902,0.0,44166.0
2527250,42.12083333333333,0.0,43648.0
2529088,42.151466666666664,0.0,43279.0
2530926,42.1821,0.0,42853.0
2532764,42.21273333333333,0.0,42368.0
2534602,42.24336666666667,0.0,41767.0
2536440,42.274,0.0,40985.0
2538278,42.304633333333335,0.0,40020.0
2540116,42.33526666666667,0.0,38975.0
2541954,42.3659,0.0,38067.0
2543792,42.39653333333333,0.0,37385.0
2545630,42.427166666666665,0.0,36966.0
2547468,42.4578,0.0,36684.0
2549306,42.48843333333333,0.0,36376.0
2551144,42.51906666666667,0.0,35979.0
2552982,42.5497,0.0,35487.0
2554820,42.580333333333336,0.0,34885.0
2556658,42.61096666666667,0.0,34092.0
2558496,42.6416,0.0,33184.0
2560334,42.67223333333333,0.0,32341.0
2562172,42.702866666666665,0.0,31678.0
2564010,42.7335,0.0,31251.0
2565848,42.764133333333334,0.0,31020.0
2567686,42.79476666666667,0.0,30796.0
2569524,42.8254,0.0,30524.0
2571362,42.856033333333336,0.0,30193.0
2573200,42.88666666666666,0.0,29782.0
2575038,42.9173,0.0,29305.0
2576876,42.94793333333333,0.0,28740.0
2578714,42.978566666666666,0.0,28188.0
2580552,43.0092,0.0,27743.0
2582390,43.039833333333334,0.0,27435.0
2584228,43.07046666666667,0.0,27273.0
2586066,43.1011,0.0,27137.0
2587904,43.13173333333334,0.0,26977.0
2589742,43.162366666666664,0.0,26761.0
2591580,43.193,0.0,26470.0
2593418,43.22363333333333,0.0,26169.0
2595256,43.254266666666666,0.0,25814.0
2597094,43.2849,0.0,25438.0
2598932,43.315533333333335,0.0,25150.0
2600770,43.34616666666667,0.0,24921.0
2602608,43.3768,0.0,24776.0
2604446,43.40743333333333,0.0,24715.0
2606284,43.438066666666664,0.0,24611.0
2608122,43.4687,0.0,24466.0
2609960,43.49933333333333,0.0,24256.0
2611798,43.52996666666667,0.0,23968.0
2613636,43.5606,0.0,23748.0
2615474,43.591233333333335,0.0,23527.0
2617312,43.62186666666667,0.0,23271.0
2619150,43.6525,0.0,23106.0
2620988,43.68313333333333,0.0,22918.0
2622826,43.713766666666665,0.0,22783.0
2624664,43.7444,0.0,22732.0
2626502,43.77503333333333,0.0,22613.0
2628340,43.80566666666667,0.0,22451.0
2630178,43.8363,0.0,22257.0
2632016,43.866933333333336,0.0,22041.0
2633854,43.89756666666667,0.0,21835.0
2635692,43.9282,0.0,21649.0
2637530,43.95883333333333,0.0,21493.0
2639368,43.989466666666665,0.0,21401.0
2641206,44.0201,0.0,21336.0
2643044,44.05073333333333,0.0,21274.0
2644882,44.08136666666667,0.0,21186.0
2646720,44.112,0.0,21044.0
2648558,44.142633333333336,0.0,20891.0
2650396,44.17326666666666,0.0,20740.0
2652234,44.2039,0.0,20589.0
2654072,44.23453333333333,0.0,20444.0
2655910,44.265166666666666,0.0,20315.0
2657748,44.2958,0.0,20213.0
2659586,44.326433333333334,0.0,20153.0
2661424,44.35706666666667,0.0,20105.0
2663262,44.3877,0.0,20044.0
2665100,44.41833333333334,0.0,19956.0
2666938,44.448966666666664,0.0,19829.0
2668776,44.4796,0.0,19722.0
2670614,44.51023333333333,0.0,19619.0
2672452,44.540866666666666,0.0,19528.0
2674290,44.5715,0.0,19434.0
2676128,44.602133333333335,0.0,19357.0
2677966,44.63276666666667,0.0,19309.0
2679804,44.6634,0.0,19266.0
2681642,44.69403333333333,0.0,19231.0
2683480,44.724666666666664,0.0,19168.0
2685318,44.7553,0.0,19091.0
2687156,44.78593333333333,0.0,18994.0
2688994,44.81656666666667,0.0,18917.0
2690832,44.8472,0.0,18866.0
2692670,44.877833333333335,0.0,18840.0
2694508,44.90846666666667,0.0,18846.0
2696346,44.9391,0.0,18875.0
2698184,44.96973333333333,0.0,18884.0
2700022,45.000366666666665,0.0,18852.0
2701860,45.031,0.0,18796.0
2703698,45.06163333333333,0.0,18711.0
2705536,45.09226666666667,0.0,18638.0
2707374,45.1229,0.0,18584.0
2709212,45.153533333333336,0.0,18582.0
2711050,45.18416666666667,0.0,18643.0
2712888,45.2148,0.0,18743.0
2714726,45.24543333333333,0.0,18866.0
2716564,45.276066666666665,0.0,18957.0
2718402,45.3067,0.0,18999.0
2720240,45.33733333333333,0.0,19012.0
2722078,45.36796666666667,0.0,19013.0
2723916,45.3986,0.0,19029.0
2725754,45.429233333333336,0.0,19077.0
2727592,45.45986666666667,0.0,19170.0
2729430,45.4905,0.0,19334.0
2731268,45.52113333333333,0.0,19562.0
2733106,45.551766666666666,0.0,19804.0
2734944,45.5824,0.0,20006.0
2736782,45.613033333333334,0.0,20166.0
2738620,45.64366666666667,0.0,20267.0
2740458,45.6743,0.0,20358.0
2742296,45.70493333333334,0.0,20466.0
2744134,45.735566666666664,0.0,20615.0
2745972,45.7662,0.0,20828.0
2747810,45.79683333333333,0.0,21117.0
2749648,45.827466666666666,0.0,21506.0
2751486,45.8581,0.0,21918.0
2753324,45.888733333333334,0.0,22283.0
2755162,45.91936666666667,0.0,22576.0
2757000,45.95,0.0,22763.0
2758838,45.98063333333333,0.0,22884.0
2760676,46.011266666666664,0.0,23034.0
2762514,46.0419,0.0,23209.0
2764352,46.07253333333333,0.0,23448.0
2766190,46.10316666666667,0.0,23793.0
2768028,46.1338,0.0,24291.0
2769866,46.164433333333335,0.0,24960.0
2771704,46.19506666666667,0.0,25656.0
2773542,46.2257,0.0,26301.0
2775380,46.25633333333333,0.0,26850.0
2777218,46.286966666666665,0.0,27297.0
2779056,46.3176,0.0,27840.0
2780894,46.34823333333333,0.0,28603.0
2782732,46.37886666666667,0.0,29663.0
2784570,46.4095,0.0,31091.0
2786408,46.440133333333335,0.0,32973.0
2788246,46.47076666666667,0.0,35246.0
2790084,46.5014,0.0,37423.0
2791922,46.53203333333333,0.0,39211.0
2793760,46.562666666666665,0.0,40466.0
2795598,46.5933,0.0,41197.0
2797436,46.62393333333333,0.0,41806.0
2799274,46.65456666666667,0.0,42573.0
2801112,46.6852,0.0,43496.0
2802950,46.715833333333336,0.0,44591.0
2804788,46.74646666666667,0.0,45887.0
2806626,46.7771,0.0,47306.0
2808464,46.80773333333333,0.0,48669.0
2810302,46.838366666666666,0.0,49721.0
2812140,46.869,0.0,50399.0
2813978,46.899633333333334,0.0,50729.0
2815816,46.93026666666667,0.0,50899.0
2817654,46.9609,0.0,51121.0
2819492,46.99153333333334,0.0,51465.0
2821330,47.022166666666664,0.0,51920.0
2823168,47.0528,0.0,52462.0
2825006,47.08343333333333,0.0,53062.0
2826844,47.114066666666666,0.0,53573.0
2828682,47.1447,0.0,53919.0
2830520,47.175333333333334,0.0,54042.0
2832358,47.20596666666667,0.0,53988.0
2834196,47.2366,0.0,53849.0
2836034,47.26723333333333,0.0,53682.0
2837872,47.297866666666664,0.0,53588.0
2839710,47.3285,0.0,53535.0
2841548,47.35913333333333,0.0,53540.0
2843386,47.38976666666667,0.0,53577.0
2845224,47.4204,0.0,53561.0
2847062,47.451033333333335,0.0,53465.0
2848900,47.48166666666667,0.0,53273.0
2850738,47.5123,0.0,52995.0
2852576,47.54293333333333,0.0,52676.0
2854414,47.573566666666665,0.0,52386.0
2856252,47.6042,0.0,52120.0
2858090,47.63483333333333,0.0,51923.0
2859928,47.66546666666667,0.0,51783.0
2861766,47.6961,0.0,51665.0
2863604,47.726733333333335,0.0,51512.0
2865442,47.75736666666667,0.0,51300.0
2867280,47.788,0.0,51031.0
2869118,47.81863333333333,0.0,50702.0
2870956,47.849266666666665,0.0,50381.0
2872794,47.8799,0.0,50076.0
2874632,47.91053333333333,0.0,49786.0
2876470,47.94116666666667,0.0,49568.0
2878308,47.9718,0.0,49439.0
2880146,48.002433333333336,0.0,49385.0
2881984,48.03306666666667,0.0,49384.0
2883822,48.0637,0.0,49307.0
2885660,48.09433333333333,0.0,49122.0
2887498,48.124966666666666,0.0,48850.0
2889336,48.1556,0.0,48525.0
2891174,48.186233333333334,0.0,48204.0
2893012,48.21686666666667,0.0,47940.0
2894850,48.2475,0.0,47709.0
2896688,48.27813333333334,0.0,47590.0
2898526,48.30876666666666,0.0,47587.0
2900364,48.3394,0.0,47589.0
2902202,48.37003333333333,0.0,47548.0
2904040,48.400666666666666,0.0,47344.0
2905878,48.4313,0.0,47010.0
2907716,48.461933333333334,0.0,46631.0
2909554,48.49256666666667,0.0,46259.0
2911392,48.5232,0.0,45936.0
2913230,48.55383333333333,0.0,45674.0
2915068,48.584466666666664,0.0,45459.0
2916906,48.6151,0.0,45329.0
2918744,48.64573333333333,0.0,45261.0
2920582,48.67636666666667,0.0,45145.0
2922420,48.707,0.0,44880.0
2924258,48.737633333333335,0.0,44464.0
2926096,48.76826666666667,0.0,43963.0
2927934,48.7989,0.0,43465.0
2929772,48.82953333333333,0.0,43049.0
2931610,48.860166666666665,0.0,42682.0
2933448,48.8908,0.0,42351.0
2935286,48.92143333333333,0.0,42053.0
2937124,48.95206666666667,0.0,41772.0
2938962,48.9827,0.0,41436.0
2940800,49.013333333333335,0.0,40854.0
2942638,49.04396666666667,0.0,40116.0
2944476,49.0746,0.0,39363.0
2946314,49.10523333333333,0.0,38660.0
2948152,49.135866666666665,0.0,38171.0
2949990,49.1665,0.0,37807.0
2951828,49.19713333333333,0.0,37438.0
2953666,49.22776666666667,0.0,37100.0
2955504,49.2584,0.0,36773.0
2957342,49.289033333333336,0.0,36450.0
2959180,49.31966666666667,0.0,36056.0
2961018,49.3503,0.0,35529.0
2962856,49.38093333333333,0.0,34962.0
2964694,49.411566666666666,0.0,34398.0
2966532,49.4422,0.0,33908.0
2968370,49.472833333333334,0.0,33533.0
2970208,49.50346666666667,0.0,33162.0
2972046,49.5341,0.0,32802.0
2973884,49.564733333333336,0.0,32497.0
2975722,49.59536666666666,0.0,32183.0
2977560,49.626,0.0,31818.0
2979398,49.65663333333333,0.0,31274.0
2981236,49.687266666666666,0.0,30639.0
2983074,49.7179,0.0,30025.0
2984912,49.748533333333334,0.0,29519.0
2986750,49.77916666666667,0.0,29234.0
2988588,49.8098,0.0,29019.0
2990426,49.84043333333333,0.0,28828.0
2992264,49.871066666666664,0.0,28644.0
2994102,49.9017,0.0,28484.0
2995940,49.93233333333333,0.0,28372.0
2997778,49.96296666666667,0.0,28285.0
2999616,49.9936,0.0,28196.0
3001454,50.024233333333335,0.0,28090.0
3003292,50.05486666666667,0.0,27957.0
3005130,50.0855,0.0,27803.0
3006968,50.11613333333333,0.0,27661.0
3008806,50.146766666666664,0.0,27471.0
3010644,50.1774,0.0,27312.0
3012482,50.20803333333333,0.0,27218.0
3014320,50.23866666666667,0.0,27203.0
3016158,50.2693,0.0,27261.0
3017996,50.299933333333335,0.0,27248.0
3019834,50.33056666666667,0.0,27153.0
3021672,50.3612,0.0,26977.0
3023510,50.39183333333333,0.0,26756.0
3025348,50.422466666666665,0.0,26561.0
3027186,50.4531,0.0,26384.0
3029024,50.48373333333333,0.0,26190.0
3030862,50.51436666666667,0.0,26014.0
3032700,50.545,0.0,25904.0
3034538,50.575633333333336,0.0,25859.0
3036376,50.60626666666667,0.0,25870.0
3038214,50.6369,0.0,25895.0
3040052,50.66753333333333,0.0,25872.0
3041890,50.698166666666665,0.0,25815.0
3043728,50.7288,0.0,25723.0
3045566,50.759433333333334,0.0,25606.0
3047404,50.79006666666667,0.0,25506.0
3049242,50.8207,0.0,25441.0
3051080,50.851333333333336,0.0,25439.0
3052918,50.88196666666666,0.0,25478.0
3054756,50.9126,0.0,25502.0
3056594,50.94323333333333,0.0,25424.0
3058432,50.973866666666666,0.0,25273.0
3060270,51.0045,0.0,25061.0
3062108,51.035133333333334,0.0,24829.0
3063946,51.06576666666667,0.0,24630.0
3065784,51.0964,0.0,24418.0
3067622,51.12703333333334,0.0,24217.0
3069460,51.157666666666664,0.0,24045.0
3071298,51.1883,0.0,23935.0
3073136,51.21893333333333,0.0,23911.0
3074974,51.24956666666667,0.0,23917.0
3076812,51.2802,0.0,23881.0
3078650,51.310833333333335,0.0,23805.0
3080488,51.34146666666667,0.0,23674.0
3082326,51.3721,0.0,23519.0
3084164,51.40273333333333,0.0,23390.0
3086002,51.433366666666664,0.0,23228.0
3087840,51.464,0.0,23069.0
3089678,51.49463333333333,0.0,22961.0
3091516,51.52526666666667,0.0,22919.0
3093354,51.5559,0.0,22904.0
3095192,51.586533333333335,0.0,22825.0
3097030,51.61716666666667,0.0,22705.0
3098868,51.6478,0.0,22506.0
3100706,51.67843333333333,0.0,22291.0
3102544,51.709066666666665,0.0,22120.0
3104382,51.7397,0.0,21932.0
3106220,51.77033333333333,0.0,21753.0
3108058,51.80096666666667,0.0,21625.0
3109896,51.8316,0.0,21564.0
3111734,51.862233333333336,0.0,21527.0
3113572,51.89286666666667,0.0,21445.0
3115410,51.9235,0.0,21318.0
3117248,51.95413333333333,0.0,21157.0
3119086,51.984766666666665,0.0,20963.0
3120924,52.0154,0.0,20821.0
3122762,52.046033333333334,0.0,20700.0
3124600,52.07666666666667,0.0,20554.0
3126438,52.1073,0.0,20457.0
3128276,52.137933333333336,0.0,20418.0
3130114,52.16856666666666,0.0,20414.0
3131952,52.1992,0.0,20362.0
3133790,52.22983333333333,0.0,20230.0
3135628,52.260466666666666,0.0,20031.0
3137466,52.2911,0.0,19796.0
3139304,52.321733333333334,0.0,19620.0
3141142,52.35236666666667,0.0,19498.0
3142980,52.383,0.0,19386.0
3144818,52.41363333333334,0.0,19269.0
3146656,52.444266666666664,0.0,19215.0
3148494,52.4749,0.0,19228.0
3150332,52.50553333333333,0.0,19260.0
3152170,52.53616666666667,0.0,19236.0
3154008,52.5668,0.0,19147.0
3155846,52.597433333333335,0.0,18997.0
3157684,52.62806666666667,0.0,18847.0
3159522,52.6587,0.0,18765.0
3161360,52.68933333333333,0.0,18672.0
3163198,52.719966666666664,0.0,18604.0
3165036,52.7506,0.0,18584.0
3166874,52.78123333333333,0.0,18612.0
3168712,52.81186666666667,0.0,18687.0
3170550,52.8425,0.0,18675.0
3172388,52.873133333333335,0.0,18580.0
3174226,52.90376666666667,0.0,18439.0
3176064,52.9344,0.0,18279.0
3177902,52.96503333333333,0.0,18167.0
3179740,52.995666666666665,0.0,18083.0
3181578,53.0263,0.0,18005.0
3183416,53.05693333333333,0.0,17984.0
3185254,53.08756666666667,0.0,18038.0
3187092,53.1182,0.0,18113.0
3188930,53.148833333333336,0.0,18140.0
3190768,53.17946666666667,0.0,18063.0
3192606,53.2101,0.0,17924.0
3194444,53.24073333333333,0.0,17808.0
3196282,53.271366666666665,0.0,17728.0
3198120,53.302,0.0,17698.0
3199958,53.332633333333334,0.0,17696.0
3201796,53.36326666666667,0.0,17701.0
3203634,53.3939,0.0,17760.0
3205472,53.424533333333336,0.0,17827.0
3207310,53.45516666666666,0.0,17821.0
3209148,53.4858,0.0,17729.0
3210986,53.51643333333333,0.0,17590.0
3212824,53.547066666666666,0.0,17457.0
3214662,53.5777,0.0,17368.0
3216500,53.608333333333334,0.0,17336.0
3218338,53.63896666666667,0.0,17309.0
3220176,53.6696,0.0,17283.0
3222014,53.70023333333334,0.0,17309.0
3223852,53.730866666666664,0.0,17364.0
3225690,53.7615,0.0,17431.0
3227528,53.79213333333333,0.0,17428.0
3229366,53.822766666666666,0.0,17335.0
3231204,53.8534,0.0,17196.0
3233042,53.884033333333335,0.0,17052.0
3234880,53.91466666666667,0.0,16938.0
3236718,53.9453,0.0,16874.0
3238556,53.97593333333333,0.0,16834.0
3240394,54.006566666666664,0.0,16829.0
3242232,54.0372,0.0,16913.0
3244070,54.06783333333333,0.0,17042.0
3245908,54.09846666666667,0.0,17131.0
3247746,54.1291,0.0,17096.0
3249584,54.159733333333335,0.0,16974.0
3251422,54.19036666666667,0.0,16801.0
3253260,54.221,0.0,16632.0
3255098,54.25163333333333,0.0,16538.0
3256936,54.282266666666665,0.0,16465.0
3258774,54.3129,0.0,16394.0
3260612,54.34353333333333,0.0,16351.0
3262450,54.37416666666667,0.0,16351.0
3264288,54.4048,0.0,16410.0
3266126,54.435433333333336,0.0,16514.0
3267964,54.46606666666667,0.0,16616.0
3269802,54.4967,0.0,16680.0
3271640,54.52733333333333,0.0,16678.0
3273478,54.557966666666665,0.0,16626.0
3275316,54.5886,0.0,16533.0
3277154,54.619233333333334,0.0,16454.0
3278992,54.64986666666667,0.0,16414.0
3280830,54.6805,0.0,16440.0
3282668,54.711133333333336,0.0,16580.0
3284506,54.74176666666666,0.0,16716.0
3286344,54.7724,0.0,16806.0
3288182,54.80303333333333,0.0,16819.0
3290020,54.833666666666666,0.0,16735.0
3291858,54.8643,0.0,16608.0
3293696,54.894933333333334,0.0,16462.0
3295534,54.92556666666667,0.0,16320.0
3297372,54.9562,0.0,16177.0
3299210,54.98683333333334,0.0,16062.0
3301048,55.017466666666664,0.0,16027.0
3302886,55.0481,0.0,16065.0
3304724,55.07873333333333,0.0,16150.0
3306562,55.109366666666666,0.0,16246.0
3308400,55.14,0.0,16310.0
3310238,55.170633333333335,0.0,16316.0
3312076,55.20126666666667,0.0,16299.0
3313914,55.2319,0.0,16281.0
3315752,55.26253333333333,0.0,16275.0
3317590,55.293166666666664,0.0,16315.0
3319428,55.3238,0.0,16408.0
3321266,55.35443333333333,0.0,16533.0
3323104,55.38506666666667,0.0,16595.0
3324942,55.4157,0.0,16551.0
3326780,55.446333333333335,0.0,16450.0
3328618,55.47696666666667,0.0,16296.0
3330456,55.5076,0.0,16168.0
3332294,55.53823333333333,0.0,16062.0
3334132,55.568866666666665,0.0,15957.0
3335970,55.5995,0.0,15883.0
3337808,55.63013333333333,0.0,15844.0
3339646,55.66076666666667,0.0,15917.0
3341484,55.6914,0.0,16027.0
3343322,55.722033333333336,0.0,16114.0
3345160,55.75266666666667,0.0,16177.0
3346998,55.7833,0.0,16176.0
3348836,55.81393333333333,0.0,16129.0
3350674,55.844566666666665,0.0,16071.0
3352512,55.8752,0.0,15986.0
3354350,55.905833333333334,0.0,15907.0
3356188,55.93646666666667,0.0,15866.0
3358026,55.9671,0.0,15903.0
3359864,55.997733333333336,0.0,16018.0
3361702,56.02836666666666,0.0,16146.0
3363540,56.059,0.0,16221.0
3365378,56.08963333333333,0.0,16224.0
3367216,56.120266666666666,0.0,16159.0
3369054,56.1509,0.0,16047.0
3370892,56.181533333333334,0.0,15934.0
3372730,56.21216666666667,0.0,15821.0
3374568,56.2428,0.0,15725.0
3376406,56.27343333333334,0.0,15677.0
3378244,56.304066666666664,0.0,15713.0
3380082,56.3347,0.0,15827.0
3381920,56.36533333333333,0.0,15944.0
3383758,56.395966666666666,0.0,16007.0
3385596,56.4266,0.0,15991.0
3387434,56.457233333333335,0.0,15912.0
3389272,56.48786666666667,0.0,15808.0
3391110,56.5185,0.0,15728.0
3392948,56.54913333333333,0.0,15655.0
3394786,56.579766666666664,0.0,15636.0
3396624,56.6104,0.0,15696.0
3398462,56.64103333333333,0.0,15796.0
3400300,56.67166666666667,0.0,15898.0
3402138,56.7023,0.0,15928.0
3403976,56.732933333333335,0.0,15888.0
3405814,56.76356666666667,0.0,15804.0
3407652,56.7942,0.0,15720.0
3409490,56.82483333333333,0.0,15644.0
3411328,56.855466666666665,0.0,15568.0
3413166,56.8861,0.0,15510.0
3415004,56.91673333333333,0.0,15517.0
3416842,56.94736666666667,0.0,15601.0
3418680,56.978,0.0,15727.0
3420518,57.008633333333336,0.0,15801.0
3422356,57.03926666666667,0.0,15809.0
3424194,57.0699,0.0,15752.0
3426032,57.10053333333333,0.0,15656.0
3427870,57.131166666666665,0.0,15569.0
3429708,57.1618,0.0,15489.0
3431546,57.192433333333334,0.0,15451.0
3433384,57.22306666666667,0.0,15470.0
3435222,57.2537,0.0,15581.0
3437060,57.284333333333336,0.0,15731.0
3438898,57.31496666666666,0.0,15798.0
3440736,57.3456,0.0,15774.0
3442574,57.37623333333333,0.0,15697.0
3444412,57.406866666666666,0.0,15570.0
3446250,57.4375,0.0,15473.0
3448088,57.468133333333334,0.0,15409.0
3449926,57.49876666666667,0.0,15360.0
3451764,57.5294,0.0,15351.0
3453602,57.56003333333334,0.0,15401.0
3455440,57.590666666666664,0.0,15510.0
3457278,57.6213,0.0,15631.0
3459116,57.65193333333333,0.0,15700.0
3460954,57.682566666666666,0.0,15714.0
3462792,57.7132,0.0,15678.0
3464630,57.743833333333335,0.0,15608.0
3466468,57.77446666666667,0.0,15564.0
3468306,57.8051,0.0,15531.0
3470144,57.83573333333333,0.0,15531.0
3471982,57.866366666666664,0.0,15614.0
3473820,57.897,0.0,15760.0
3475658,57.92763333333333,0.0,15892.0
3477496,57.95826666666667,0.0,15943.0
3479334,57.9889,0.0,15891.0
3481172,58.019533333333335,0.0,15777.0
3483010,58.05016666666667,0.0,15659.0
3484848,58.0808,0.0,15587.0
3486686,58.11143333333333,0.0,15532.0
3488524,58.142066666666665,0.0,15494.0
3490362,58.1727,0.0,15514.0
3492200,58.20333333333333,0.0,15592.0
3494038,58.23396666666667,0.0,15706.0
3495876,58.2646,0.0,15789.0
3497714,58.295233333333336,0.0,15830.0
3499552,58.32586666666667,0.0,15813.0
3501390,58.3565,0.0,15789.0
3503228,58.38713333333333,0.0,15769.0
3505066,58.417766666666665,0.0,15754.0
3506904,58.4484,0.0,15749.0
3508742,58.479033333333334,0.0,15756.0
3510580,58.50966666666667,0.0,15825.0
3512418,58.5403,0.0,15935.0
3514256,58.570933333333336,0.0,15998.0
3516094,58.60156666666666,0.0,15956.0
3517932,58.6322,0.0,15853.0
3519770,58.66283333333333,0.0,15701.0
3521608,58.693466666666666,0.0,15588.0
3523446,58.7241,0.0,15527.0
3525284,58.754733333333334,0.0,15476.0
3527122,58.78536666666667,0.0,15442.0
3528960,58.816,0.0,15455.0
3530798,58.84663333333334,0.0,15537.0
3532636,58.877266666666664,0.0,15666.0
3534474,58.9079,0.0,15761.0
3536312,58.93853333333333,0.0,15783.0
3538150,58.969166666666666,0.0,15749.0
3539988,58.9998,0.0,15645.0
3541826,59.030433333333335,0.0,15553.0
3543664,59.06106666666667,0.0,15484.0
3545502,59.0917,0.0,15423.0
3547340,59.12233333333333,0.0,15428.0
3549178,59.152966666666664,0.0,15513.0
3551016,59.1836,0.0,15640.0
3552854,59.21423333333333,0.0,15731.0
3554692,59.24486666666667,0.0,15737.0
3556530,59.2755,0.0,15679.0
3558368,59.306133333333335,0.0,15568.0
3560206,59.33676666666667,0.0,15481.0
3562044,59.3674,0.0,15434.0
3563882,59.39803333333333,0.0,15397.0
3565720,59.428666666666665,0.0,15372.0
3567558,59.4593,0.0,15401.0
3569396,59.48993333333333,0.0,15472.0
3571234,59.52056666666667,0.0,15544.0
3573072,59.5512,0.0,15577.0
3574910,59.581833333333336,0.0,15572.0
3576748,59.61246666666667,0.0,15522.0
3578586,59.6431,0.0,15441.0
3580424,59.67373333333333,0.0,15399.0
3582262,59.704366666666665,0.0,15362.0
3584100,59.735,0.0,15340.0
3585938,59.765633333333334,0.0,15397.0
3587776,59.79626666666667,0.0,15513.0
3589614,59.8269,0.0,15612.0
3591452,59.857533333333336,0.0,15629.0
3593290,59.88816666666666,0.0,15550.0
3595128,59.9188,0.0,15427.0
3596966,59.94943333333333,0.0,15301.0
3598804,59.980066666666666,0.0,15237.0
3600642,60.0107,0.0,15208.0
3602480,60.041333333333334,0.0,15157.0
3604318,60.07196666666667,0.0,15127.0
3606156,60.1026,0.0,15132.0
3607994,60.13323333333334,0.0,15197.0
3609832,60.163866666666664,0.0,15288.0
3611670,60.1945,0.0,15357.0
3613508,60.22513333333333,0.0,15393.0
3615346,60.255766666666666,0.0,15381.0
3617184,60.2864,0.0,15339.0
3619022,60.317033333333335,0.0,15276.0
3620860,60.34766666666667,0.0,15200.0
3622698,60.3783,0.0,15137.0
3624536,60.40893333333333,0.0,15149.0
3626374,60.439566666666664,0.0,15279.0
3628212,60.4702,0.0,15455.0
3630050,60.50083333333333,0.0,15537.0
3631888,60.53146666666667,0.0,15511.0
3633726,60.5621,0.0,15401.0
3635564,60.592733333333335,0.0,15224.0
3637402,60.62336666666667,0.0,15097.0
3639240,60.654,0.0,15009.0
3641078,60.68463333333333,0.0,14888.0
3642916,60.715266666666665,0.0,14824.0
3644754,60.7459,0.0,14824.0
3646592,60.77653333333333,0.0,14876.0
3648430,60.80716666666667,0.0,14957.0
3650268,60.8378,0.0,15042.0
3652106,60.868433333333336,0.0,15104.0
3653944,60.89906666666667,0.0,15115.0
3655782,60.9297,0.0,15128.0
3657620,60.96033333333333,0.0,15130.0
3659458,60.990966666666665,0.0,15109.0
3661296,61.0216,0.0,15116.0
3663134,61.052233333333334,0.0,15167.0
3664972,61.08286666666667,0.0,15232.0
3666810,61.1135,0.0,15295.0
3668648,61.144133333333336,0.0,15265.0
3670486,61.17476666666666,0.0,15182.0
3672324,61.2054,0.0,15074.0
3674162,61.23603333333333,0.0,14947.0
3676000,61.266666666666666,0.0,14882.0
3677838,61.2973,0.0,14806.0
3679676,61.327933333333334,0.0,14714.0
3681514,61.35856666666667,0.0,14684.0
3683352,61.3892,0.0,14730.0
3685190,61.41983333333334,0.0,14835.0
3687028,61.450466666666664,0.0,14955.0
3688866,61.4811,0.0,15004.0
3690704,61.51173333333333,0.0,14977.0
3692542,61.542366666666666,0.0,14908.0
3694380,61.573,0.0,14815.0
3696218,61.603633333333335,0.0,14750.0
3698056,61.63426666666667,0.0,14685.0
3699894,61.6649,0.0,14662.0
3701732,61.69553333333333,0.0,14703.0
3703570,61.726166666666664,0.0,14779.0
3705408,61.7568,0.0,14832.0
3707246,61.78743333333333,0.0,14813.0
3709084,61.81806666666667,0.0,14775.0
3710922,61.8487,0.0,14707.0
3712760,61.879333333333335,0.0,14669.0
3714598,61.90996666666667,0.0,14664.0
3716436,61.9406,0.0,14629.0
3718274,61.97123333333333,0.0,14594.0
3720112,62.001866666666665,0.0,14580.0
3721950,62.0325,0.0,14603.0
3723788,62.06313333333333,0.0,14680.0
3725626,62.09376666666667,0.0,14731.0
3727464,62.1244,0.0,14755.0
3729302,62.155033333333336,0.0,14725.0
3731140,62.18566666666667,0.0,14661.0
3732978,62.2163,0.0,14589.0
3734816,62.24693333333333,0.0,14490.0
3736654,62.277566666666665,0.0,14417.0
3738492,62.3082,0.0,14347.0
3740330,62.33883333333333,0.0,14380.0
3742168,62.36946666666667,0.0,14522.0
3744006,62.4001,0.0,14651.0
3745844,62.430733333333336,0.0,14706.0
3747682,62.46136666666666,0.0,14673.0
3749520,62.492,0.0,14562.0
3751358,62.52263333333333,0.0,14432.0
3753196,62.553266666666666,0.0,14356.0
3755034,62.5839,0.0,14266.0
3756872,62.614533333333334,0.0,14185.0
3758710,62.64516666666667,0.0,14139.0
3760548,62.6758,0.0,14152.0
3762386,62.70643333333334,0.0,14222.0
3764224,62.737066666666664,0.0,14310.0
3766062,62.7677,0.0,14400.0
3767900,62.79833333333333,0.0,14443.0
3769738,62.828966666666666,0.0,14466.0
3771576,62.8596,0.0,14483.0
3773414,62.890233333333335,0.0,14462.0
3775252,62.92086666666667,0.0,14443.0
3777090,62.9515,0.0,14461.0
3778928,62.98213333333333,0.0,14492.0
3780766,63.012766666666664,0.0,14564.0
3782604,63.0434,0.0,14614.0
3784442,63.07403333333333,0.0,14579.0
3786280,63.10466666666667,0.0,14501.0
3788118,63.1353,0.0,14393.0
3789956,63.165933333333335,0.0,14294.0
3791794,63.19656666666667,0.0,14233.0
3793632,63.2272,0.0,14164.0
3795470,63.25783333333333,0.0,14130.0
3797308,63.288466666666665,0.0,14137.0
3799146,63.3191,0.0,14211.0
3800984,63.34973333333333,0.0,14341.0
3802822,63.38036666666667,0.0,14420.0
3804660,63.411,0.0,14432.0
3806498,63.441633333333336,0.0,14381.0
3808336,63.47226666666667,0.0,14282.0
3810174,63.5029,0.0,14216.0
3812012,63.53353333333333,0.0,14173.0
3813850,63.564166666666665,0.0,14130.0
3815688,63.5948,0.0,14139.0
3817526,63.62543333333333,0.0,14195.0
3819364,63.65606666666667,0.0,14268.0
3821202,63.6867,0.0,14324.0
3823040,63.717333333333336,0.0,14325.0
3824878,63.74796666666666,0.0,14278.0
3826716,63.7786,0.0,14229.0
3828554,63.80923333333333,0.0,14206.0
3830392,63.839866666666666,0.0,14205.0
3832230,63.8705,0.0,14199.0
3834068,63.901133333333334,0.0,14205.0
3835906,63.93176666666667,0.0,14250.0
3837744,63.9624,0.0,14296.0
3839582,63.99303333333334,0.0,14298.0
3841420,64.02366666666667,0.0,14247.0
3843258,64.0543,0.0,14164.0
3845096,64.08493333333334,0.0,14070.0
3846934,64.11556666666667,0.0,14025.0
3848772,64.1462,0.0,14025.0
3850610,64.17683333333333,0.0,14014.0
3852448,64.20746666666666,0.0,14031.0
3854286,64.2381,0.0,14079.0
3856124,64.26873333333333,0.0,14136.0
3857962,64.29936666666667,0.0,14167.0
3859800,64.33,0.0,14127.0
3861638,64.36063333333334,0.0,14034.0
3863476,64.39126666666667,0.0,13925.0
3865314,64.4219,0.0,13853.0
3867152,64.45253333333334,0.0,13842.0
3868990,64.48316666666666,0.0,13836.0
3870828,64.5138,0.0,13839.0
3872666,64.54443333333333,0.0,13835.0
3874504,64.57506666666667,0.0,13850.0
3876342,64.6057,0.0,13902.0
3878180,64.63633333333334,0.0,13915.0
3880018,64.66696666666667,0.0,13898.0
3881856,64.6976,0.0,13848.0
3883694,64.72823333333334,0.0,13763.0
3885532,64.75886666666666,0.0,13711.0
3887370,64.7895,0.0,13689.0
3889208,64.82013333333333,0.0,13655.0
3891046,64.85076666666667,0.0,13662.0
3892884,64.8814,0.0,13715.0
3894722,64.91203333333333,0.0,13771.0
3896560,64.94266666666667,0.0,13810.0
3898398,64.9733,0.0,13763.0
3900236,65.00393333333334,0.0,13674.0
3902074,65.03456666666666,0.0,13589.0
3903912,65.0652,0.0,13539.0
3905750,65.09583333333333,0.0,13550.0
3907588,65.12646666666667,0.0,13548.0
3909426,65.1571,0.0,13537.0
3911264,65.18773333333333,0.0,13545.0
3913102,65.21836666666667,0.0,13571.0
3914940,65.249,0.0,13609.0
3916778,65.27963333333334,0.0,13620.0
3918616,65.31026666666666,0.0,13614.0
3920454,65.3409,0.0,13591.0
3922292,65.37153333333333,0.0,13572.0
3924130,65.40216666666667,0.0,13565.0
3925968,65.4328,0.0,13568.0
3927806,65.46343333333333,0.0,13572.0
3929644,65.49406666666667,0.0,13583.0
3931482,65.5247,0.0,13638.0
3933320,65.55533333333334,0.0,13685.0
3935158,65.58596666666666,0.0,13671.0
3936996,65.6166,0.0,13607.0
3938834,65.64723333333333,0.0,13508.0
3940672,65.67786666666667,0.0,13396.0
3942510,65.7085,0.0,13334.0
3944348,65.73913333333333,0.0,13300.0
3946186,65.76976666666667,0.0,13281.0
3948024,65.8004,0.0,13268.0
3949862,65.83103333333334,0.0,13292.0
3951700,65.86166666666666,0.0,13347.0
3953538,65.8923,0.0,13396.0
3955376,65.92293333333333,0.0,13436.0
3957214,65.95356666666666,0.0,13444.0
3959052,65.9842,0.0,13450.0
3960890,66.01483333333333,0.0,13442.0
3962728,66.04546666666667,0.0,13437.0
3964566,66.0761,0.0,13438.0
3966404,66.10673333333334,0.0,13434.0
3968242,66.13736666666667,0.0,13440.0
3970080,66.168,0.0,13485.0
3971918,66.19863333333333,0.0,13533.0
3973756,66.22926666666666,0.0,13522.0
3975594,66.2599,0.0,13465.0
3977432,66.29053333333333,0.0,13383.0
3979270,66.32116666666667,0.0,13284.0
3981108,66.3518,0.0,13219.0
3982946,66.38243333333334,0.0,13203.0
3984784,66.41306666666667,0.0,13174.0
3986622,66.4437,0.0,13174.0
3988460,66.47433333333333,0.0,13215.0
3990298,66.50496666666666,0.0,13266.0
3992136,66.5356,0.0,13322.0
3993974,66.56623333333333,0.0,13332.0
3995812,66.59686666666667,0.0,13308.0
3997650,66.6275,0.0,13274.0
3999488,66.65813333333334,0.0,13238.0
4001326,66.68876666666667,0.0,13240.0
4003164,66.7194,0.0,13233.0
4005002,66.75003333333333,0.0,13209.0
4006840,66.78066666666666,0.0,13225.0
4008678,66.8113,0.0,13271.0
4010516,66.84193333333333,0.0,13318.0
4012354,66.87256666666667,0.0,13311.0
4014192,66.9032,0.0,13255.0
4016030,66.93383333333334,0.0,13166.0
4017868,66.96446666666667,0.0,13099.0
4019706,66.9951,0.0,13080.0
4021544,67.02573333333333,0.0,13070.0
4023382,67.05636666666666,0.0,13038.0
4025220,67.087,0.0,13022.0
4027058,67.11763333333333,0.0,13061.0
4028896,67.14826666666667,0.0,13103.0
4030734,67.1789,0.0,13125.0
4032572,67.20953333333334,0.0,13110.0
4034410,67.24016666666667,0.0,13067.0
4036248,67.2708,0.0,13032.0
4038086,67.30143333333334,0.0,13039.0
4039924,67.33206666666666,0.0,13054.0
4041762,67.3627,0.0,13065.0
4043600,67.39333333333333,0.0,13067.0
4045438,67.42396666666667,0.0,13080.0
4047276,67.4546,0.0,13095.0
4049114,67.48523333333333,0.0,13078.0
4050952,67.51586666666667,0.0,13020.0
4052790,67.5465,0.0,12943.0
4054628,67.57713333333334,0.0,12897.0
4056466,67.60776666666666,0.0,12878.0
4058304,67.6384,0.0,12907.0
4060142,67.66903333333333,0.0,12931.0
4061980,67.69966666666667,0.0,12932.0
4063818,67.7303,0.0,12933.0
4065656,67.76093333333333,0.0,12950.0
4067494,67.79156666666667,0.0,12972.0
4069332,67.8222,0.0,12972.0
4071170,67.85283333333334,0.0,12944.0
4073008,67.88346666666666,0.0,12905.0
4074846,67.9141,0.0,12869.0
4076684,67.94473333333333,0.0,12838.0
4078522,67.97536666666667,0.0,12816.0
4080360,68.006,0.0,12796.0
4082198,68.03663333333333,0.0,12798.0
4084036,68.06726666666667,0.0,12845.0
4085874,68.0979,0.0,12919.0
4087712,68.12853333333334,0.0,12960.0
4089550,68.15916666666666,0.0,12899.0
4091388,68.1898,0.0,12813.0
4093226,68.22043333333333,0.0,12741.0
4095064,68.25106666666667,0.0,12687.0
4096902,68.2817,0.0,12700.0
4098740,68.31233333333333,0.0,12703.0
4100578,68.34296666666667,0.0,12691.0
4102416,68.3736,0.0,12678.0
4104254,68.40423333333334,0.0,12707.0
4106092,68.43486666666666,0.0,12745.0
4107930,68.4655,0.0,12761.0
4109768,68.49613333333333,0.0,12780.0
4111606,68.52676666666666,0.0,12778.0
4113444,68.5574,0.0,12769.0
4115282,68.58803333333333,0.0,12795.0
4117120,68.61866666666667,0.0,12824.0
4118958,68.6493,0.0,12836.0
4120796,68.67993333333334,0.0,12881.0
4122634,68.71056666666667,0.0,12929.0
4124472,68.7412,0.0,12961.0
4126310,68.77183333333333,0.0,12942.0
4128148,68.80246666666666,0.0,12848.0
4129986,68.8331,0.0,12746.0
4131824,68.86373333333333,0.0,12686.0
4133662,68.89436666666667,0.0,12695.0
4135500,68.925,0.0,12733.0
4137338,68.95563333333334,0.0,12763.0
4139176,68.98626666666667,0.0,12768.0
4141014,69.0169,0.0,12766.0
4142852,69.04753333333333,0.0,12761.0
4144690,69.07816666666666,0.0,12751.0
4146528,69.1088,0.0,12738.0
4148366,69.13943333333333,0.0,12750.0
4150204,69.17006666666667,0.0,12796.0
4152042,69.2007,0.0,12851.0
4153880,69.23133333333334,0.0,12905.0
4155718,69.26196666666667,0.0,12935.0
4157556,69.2926,0.0,12936.0
4159394,69.32323333333333,0.0,12896.0
4161232,69.35386666666666,0.0,12876.0
4163070,69.3845,0.0,12822.0
4164908,69.41513333333333,0.0,12731.0
4166746,69.44576666666667,0.0,12644.0
4168584,69.4764,0.0,12575.0
4170422,69.50703333333334,0.0,12553.0
4172260,69.53766666666667,0.0,12581.0
4174098,69.5683,0.0,12628.0
4175936,69.59893333333333,0.0,12643.0
4177774,69.62956666666666,0.0,12636.0
4179612,69.6602,0.0,12649.0
4181450,69.69083333333333,0.0,12659.0
4183288,69.72146666666667,0.0,12644.0
4185126,69.7521,0.0,12590.0
4186964,69.78273333333334,0.0,12520.0
4188802,69.81336666666667,0.0,12474.0
4190640,69.844,0.0,12455.0
4192478,69.87463333333334,0.0,12487.0
4194316,69.90526666666666,0.0,12509.0
4196154,69.9359,0.0,12510.0
4197992,69.96653333333333,0.0,12509.0
4199830,69.99716666666667,0.0,12489.0
4201668,70.0278,0.0,12433.0
4203506,70.05843333333333,0.0,12352.0
4205344,70.08906666666667,0.0,12279.0
4207182,70.1197,0.0,12253.0
4209020,70.15033333333334,0.0,12282.0
4210858,70.18096666666666,0.0,12353.0
4212696,70.2116,0.0,12406.0
4214534,70.24223333333333,0.0,12418.0
4216372,70.27286666666667,0.0,12413.0
4218210,70.3035,0.0,12384.0
4220048,70.33413333333333,0.0,12345.0
4221886,70.36476666666667,0.0,12279.0
4223724,70.3954,0.0,12187.0
4225562,70.42603333333334,0.0,12128.0
4227400,70.45666666666666,0.0,12084.0
4229238,70.4873,0.0,12081.0
4231076,70.51793333333333,0.0,12102.0
4232914,70.54856666666667,0.0,12089.0
4234752,70.5792,0.0,12085.0
4236590,70.60983333333333,0.0,12082.0
4238428,70.64046666666667,0.0,12098.0
4240266,70.6711,0.0,12106.0
4242104,70.70173333333334,0.0,12038.0
4243942,70.73236666666666,0.0,11938.0
4245780,70.763,0.0,11841.0
4247618,70.79363333333333,0.0,11791.0
4249456,70.82426666666667,0.0,11807.0
4251294,70.8549,0.0,11831.0
4253132,70.88553333333333,0.0,11837.0
4254970,70.91616666666667,0.0,11815.0
4256808,70.9468,0.0,11817.0
4258646,70.97743333333334,0.0,11827.0
4260484,71.00806666666666,0.0,11830.0
4262322,71.0387,0.0,11816.0
4264160,71.06933333333333,0.0,11813.0
4265998,71.09996666666666,0.0,11824.0
4267836,71.1306,0.0,11862.0
4269674,71.16123333333333,0.0,11907.0
4271512,71.19186666666667,0.0,11923.0
4273350,71.2225,0.0,11928.0
4275188,71.25313333333334,0.0,11919.0
4277026,71.28376666666666,0.0,11911.0
4278864,71.3144,0.0,11907.0
4280702,71.34503333333333,0.0,11907.0
4282540,71.37566666666666,0.0,11888.0
4284378,71.4063,0.0,11869.0
4286216,71.43693333333333,0.0,11832.0
4288054,71.46756666666667,0.0,11802.0
4289892,71.4982,0.0,11773.0
4291730,71.52883333333334,0.0,11750.0
4293568,71.55946666666667,0.0,11717.0
4295406,71.5901,0.0,11662.0
4297244,71.62073333333333,0.0,11605.0
4299082,71.65136666666666,0.0,11553.0
4300920,71.682,0.0,11521.0
4302758,71.71263333333333,0.0,11483.0
4304596,71.74326666666667,0.0,11461.0
4306434,71.7739,0.0,11431.0
4308272,71.80453333333334,0.0,11399.0
4310110,71.83516666666667,0.0,11377.0
4311948,71.8658,0.0,11343.0
4313786,71.89643333333333,0.0,11296.0
4315624,71.92706666666666,0.0,11254.0
4317462,71.9577,0.0,11216.0
4319300,71.98833333333333,0.0,11168.0
4321138,72.01896666666667,0.0,11130.0
4322976,72.0496,0.0,11093.0
4324814,72.08023333333334,0.0,11041.0
4326652,72.11086666666667,0.0,11013.0
4328490,72.1415,0.0,11004.0
4330328,72.17213333333333,0.0,10994.0
4332166,72.20276666666666,0.0,11002.0
4334004,72.2334,0.0,11008.0
4335842,72.26403333333333,0.0,11001.0
4337680,72.29466666666667,0.0,10985.0
4339518,72.3253,0.0,10955.0
4341356,72.35593333333334,0.0,10912.0
4343194,72.38656666666667,0.0,10881.0
4345032,72.4172,0.0,10861.0
4346870,72.44783333333334,0.0,10857.0
4348708,72.47846666666666,0.0,10862.0
4350546,72.5091,0.0,10865.0
4352384,72.53973333333333,0.0,10859.0
4354222,72.57036666666667,0.0,10855.0
4356060,72.601,0.0,10851.0
4357898,72.63163333333334,0.0,10837.0
4359736,72.66226666666667,0.0,10837.0
4361574,72.6929,0.0,10816.0
4363412,72.72353333333334,0.0,10815.0
4365250,72.75416666666666,0.0,10809.0
4367088,72.7848,0.0,10810.0
4368926,72.81543333333333,0.0,10826.0
4370764,72.84606666666667,0.0,10835.0
4372602,72.8767,0.0,10846.0
4374440,72.90733333333333,0.0,10840.0
4376278,72.93796666666667,0.0,10842.0
4378116,72.9686,0.0,10832.0
4379954,72.99923333333334,0.0,10822.0
4381792,73.02986666666666,0.0,10814.0
4383630,73.0605,0.0,10791.0
4385468,73.09113333333333,0.0,10794.0
4387306,73.12176666666667,0.0,10804.0
4389144,73.1524,0.0,10815.0
4390982,73.18303333333333,0.0,10842.0
4392820,73.21366666666667,0.0,10836.0
4394658,73.2443,0.0,10823.0
4396496,73.27493333333334,0.0,10818.0
4398334,73.30556666666666,0.0,10807.0
4400172,73.3362,0.0,10788.0
4402010,73.36683333333333,0.0,10792.0
4403848,73.39746666666667,0.0,10784.0
4405686,73.4281,0.0,10779.0
4407524,73.45873333333333,0.0,10790.0
4409362,73.48936666666667,0.0,10774.0
4411200,73.52,0.0,10788.0
4413038,73.55063333333334,0.0,10772.0
4414876,73.58126666666666,0.0,10758.0
4416714,73.6119,0.0,10764.0
4418552,73.64253333333333,0.0,10751.0
4420390,73.67316666666666,0.0,10751.0
4422228,73.7038,0.0,10748.0
4424066,73.73443333333333,0.0,10737.0
4425904,73.76506666666667,0.0,10723.0
4427742,73.7957,0.0,10719.0
4429580,73.82633333333334,0.0,10720.0
4431418,73.85696666666666,0.0,10725.0
4433256,73.8876,0.0,10735.0
4435094,73.91823333333333,0.0,10729.0
4436932,73.94886666666666,0.0,10728.0
4438770,73.9795,0.0,10719.0
4440608,74.01013333333333,0.0,10716.0
4442446,74.04076666666667,0.0,10710.0
4444284,74.0714,0.0,10706.0
4446122,74.10203333333334,0.0,10689.0
4447960,74.13266666666667,0.0,10667.0
4449798,74.1633,0.0,10655.0
4451636,74.19393333333333,0.0,10644.0
4453474,74.22456666666666,0.0,10645.0
4455312,74.2552,0.0,10632.0
4457150,74.28583333333333,0.0,10617.0
4458988,74.31646666666667,0.0,10610.0
4460826,74.3471,0.0,10613.0
4462664,74.37773333333334,0.0,10613.0
4464502,74.40836666666667,0.0,10619.0
4466340,74.439,0.0,10609.0
4468178,74.46963333333333,0.0,10579.0
4470016,74.50026666666666,0.0,10567.0
4471854,74.5309,0.0,10564.0
4473692,74.56153333333333,0.0,10558.0
4475530,74.59216666666667,0.0,10542.0
4477368,74.6228,0.0,10521.0
4479206,74.65343333333334,0.0,10491.0
4481044,74.68406666666667,0.0,10491.0
4482882,74.7147,0.0,10504.0
4484720,74.74533333333333,0.0,10505.0
4486558,74.77596666666666,0.0,10511.0
4488396,74.8066,0.0,10502.0
4490234,74.83723333333333,0.0,10503.0
4492072,74.86786666666667,0.0,10507.0
4493910,74.8985,0.0,10505.0
4495748,74.92913333333334,0.0,10496.0
4497586,74.95976666666667,0.0,10494.0
4499424,74.9904,0.0,10495.0
